time,x,y,z,rel_vel_mag,alpha_deg,alpha_geom_deg,cl,cd,cm
0.00625,5,-5.2181573999,0.82436941701,1.91753476542,21.1208347351,21.1208347351,0.648520698905,0.216451426066,1e-300
0.0135416666667,5,-5.22527211568,0.813436492079,1.91662559871,21.0985562942,21.1208347351,0.897274412648,0.216192701945,1e-300
0.02265625,5,-5.2347602217,0.800177046067,1.91674664513,21.035824547,21.1208347351,0.898057962209,0.215501348473,1e-300
0.036328125,5,-5.25018362873,0.781200700277,1.9166612302,20.9655550854,21.1208347351,0.898913548961,0.214743894014,1e-300
0.05,5,-5.26696162551,0.763410759064,1.91624565159,20.8653342615,21.1208347351,0.900356892619,0.213656668436,1e-300
0.0666666666667,5,-5.28911438319,0.743468112046,1.91599898752,20.7820249954,21.1208347351,0.90168134383,0.21273770809,1e-300
0.0833333333333,5,-5.31296608755,0.725592149337,1.91575843519,20.6910053881,21.1208347351,0.903077543655,0.211723527968,1e-300
0.1,5,-5.33832458334,0.709926884114,1.9154747329,20.6129755201,21.1208347351,0.904095150299,0.210862546807,1e-300
0.116666666667,5,-5.36498557625,0.696598519626,1.91524618269,20.548170373,21.1208347351,0.904893376821,0.210115253336,1e-300
0.133333333333,5,-5.39273427875,0.685714432471,1.91503739891,20.496307047,21.1208347351,0.905427566709,0.209495598417,1e-300
0.15,5,-5.42134714041,0.677362307547,1.91487728642,20.4538568298,21.1208347351,0.905836440001,0.208962951596,1e-300
0.166666666667,5,-5.45059364895,0.671609431638,1.91488171179,20.4184735063,21.1208347351,0.906112148033,0.208514529666,1e-300
0.183333333333,5,-5.48023818728,0.668502151333,1.9149316498,20.3887763864,21.1208347351,0.906276256339,0.208135574597,1e-300
0.2,5,-5.51004193165,0.668065499651,1.91498863528,20.3562855934,21.1208347351,0.906340513854,0.207733680394,1e-300
0.216666666667,5,-5.53976477573,0.670302994366,1.91515182968,20.324109094,21.1208347351,0.906500353009,0.207326391067,1e-300
0.233333333333,5,-5.56916726496,0.675196609668,1.91545344091,20.287358792,21.1208347351,0.90668811082,0.20687501712,1e-300
0.25,5,-5.5980125256,0.682706921381,1.91573207878,20.2451965748,21.1208347351,0.907030002672,0.206353475263,1e-300
0.266666666667,5,-5.6260681731,0.692773424578,1.91600382765,20.1980417884,21.1208347351,0.90750519076,0.205770698437,1e-300
0.283333333333,5,-5.65310818423,0.70531502102,1.91632399432,20.1420745522,21.1208347351,0.908113214246,0.205115833153,1e-300
0.3,5,-5.67891471797,0.720230672507,1.91662100777,20.0783301032,21.1208347351,0.908784601676,0.204404186281,1e-300
0.325,5,-5.71486009015,0.746787649248,1.91735817391,20.0295140697,21.1208347351,0.908221899236,0.203894984441,1e-300
0.35,5,-5.74691405874,0.777930640316,1.91717593193,19.9123312568,21.1208347351,0.907637869559,0.202901426372,1e-300
0.375,5,-5.77449608349,0.813095604489,1.91676188981,19.7872549636,21.1208347351,0.907541934127,0.201861155845,1e-300
0.4,5,-5.79710661705,0.851645657237,1.91591763738,19.6743448667,21.1208347351,0.906860229441,0.201048498042,1e-300
0.425,5,-5.81433615242,0.892882605546,1.91461810772,19.5773740192,21.1208347351,0.906005794524,0.200438242185,1e-300
0.45,5,-5.82587263967,0.93605959313,1.91304172185,19.5004101164,21.1208347351,0.905340079937,0.19992863017,1e-300
0.475,5,-5.83150713757,0.980394626998,1.91134354931,19.4329632467,21.1208347351,0.904296595168,0.199510285833,1e-300
0.5,5,-5.83113759785,1.02508474039,1.9099745873,19.3660133223,21.1208347351,0.902934171237,0.199131497528,1e-300
0.525,5,-5.82477071336,1.06932053559,1.90944364976,19.3086123036,21.1208347351,0.902192932874,0.198732661848,1e-300
0.55,5,-5.8125217969,1.11230084317,1.90907688857,19.2707619325,21.1208347351,0.901900083263,0.19835507128,1e-300
0.575,5,-5.79461269271,1.1532472323,1.90855590479,19.2383604314,21.1208347351,0.901892730108,0.198007382798,1e-300
0.6,5,-5.77136775864,1.19141810908,1.90824970222,19.1976016442,21.1208347351,0.901303905747,0.197736650096,1e-300
0.625,5,-5.74320799152,1.22612214791,1.90810457622,19.1702385663,21.1208347351,0.900477521246,0.197612570146,1e-300
0.65,5,-5.7106434024,1.25673081221,1.90785005727,19.1362364518,21.1208347351,0.898624487857,0.19750182957,1e-300
0.675,5,-5.67426377955,1.28268973814,1.90763621246,19.1058594737,21.1208347351,0.896916282188,0.19743670074,1e-300
0.7,5,-5.63472800658,1.30352877484,1.90710054622,19.0700238705,21.1208347351,0.895096133786,0.197409663318,1e-300
0.725,5,-5.59275212922,1.31887049948,1.90621497429,19.0321686743,21.1208347351,0.89414934341,0.197301466706,1e-300
0.75,5,-5.54909638675,1.3284370529,1.9051805734,18.9980699779,21.1208347351,0.892635121988,0.197299214393,1e-300
0.775,5,-5.50455144306,1.33205517204,1.90406008723,18.9721409652,21.1208347351,0.891492846595,0.197313399169,1e-300
0.8,5,-5.45992406664,1.32965932791,1.90271275202,18.9448543781,21.1208347351,0.890213030136,0.197300004789,1e-300
0.825,5,-5.41602251898,1.32129291246,1.90146105344,18.9290026539,21.1208347351,0.889863620065,0.197215981592,1e-300
0.85,5,-5.37364191581,1.30710745265,1.9003861154,18.9222731723,21.1208347351,0.88961242263,0.197102514833,1e-300
0.875,5,-5.33354982654,1.28735986614,1.89937129003,18.9123538656,21.1208347351,0.889586724581,0.196961732952,1e-300
0.9,5,-5.29647237253,1.26240780813,1.89840016863,18.8912034228,21.1208347351,0.889667368157,0.196762305018,1e-300
0.925,5,-5.26308107606,1.23270319377,1.897367965,18.8715685788,21.1208347351,0.889414035265,0.196675220359,1e-300
0.95,5,-5.23398069816,1.19878401334,1.89640529787,18.8333609339,21.1208347351,0.887319362,0.196692128238,1e-300
0.975,5,-5.2096982856,1.16126458857,1.89588391351,18.8060154445,21.1208347351,0.884411054272,0.196915420737,1e-300
1,5,-5.19067362534,1.12082444643,1.89572759775,18.7642283582,21.1208347351,0.878275742266,0.197497509362,1e-300
1.025,5,-5.17725127943,1.07819601196,1.89578693949,18.7302946337,21.1208347351,0.874085077688,0.197980520102,1e-300
1.05,5,-5.16967434451,1.03415134313,1.8964211199,18.7590524117,21.1208347351,0.878526293408,0.19768171116,1e-300
1.075,5,-5.16808004899,0.989488147808,1.89784169382,18.842887868,21.1208347351,0.885888704075,0.19724778122,1e-300
1.1,5,-5.17249726771,0.945015336185,1.89923997194,18.897038169,21.1208347351,0.889868555119,0.196939689135,1e-300
1.125,5,-5.18284599892,0.901538370363,1.89972887799,18.8891589772,21.1208347351,0.88891614624,0.197008573989,1e-300
1.15,5,-5.19893881326,0.859844676338,1.89975428603,18.8603975654,21.1208347351,0.886879693461,0.197109780337,1e-300
1.175,5,-5.22048424834,0.820689382673,1.89971253867,18.828012604,21.1208347351,0.883527834636,0.197376275731,1e-300
1.2,5,-5.24709208751,0.784781644103,1.89965114789,18.799409285,21.1208347351,0.8808479964,0.197562359866,1e-300
1.225,5,-5.27828042723,0.752771797798,1.89950477168,18.7727870735,21.1208347351,0.878589419442,0.197720139252,1e-300
1.25,5,-5.31348440494,0.725239584885,1.89930227767,18.7477952672,21.1208347351,0.876682653799,0.197797807318,1e-300
1.275,5,-5.35206642954,0.702683650562,1.89915502151,18.7306471948,21.1208347351,0.87577148807,0.197815269132,1e-300
1.3,5,-5.39332772894,0.685512512967,1.89890355804,18.7174755646,21.1208347351,0.874451939515,0.197921349265,1e-300
1.325,5,-5.43652100584,0.674037164368,1.89851419766,18.7043301088,21.1208347351,0.873262507829,0.197981996978,1e-300
1.35,5,-5.48086397222,0.668465438674,1.89810092532,18.6964725003,21.1208347351,0.872889934519,0.19799192456,1e-300
1.375,5,-5.52555351766,0.668898247289,1.89760419765,18.6871133785,21.1208347351,0.872292709308,0.198032181103,1e-300
1.4,5,-5.56978025472,0.675327751472,1.8971902374,18.681449262,21.1208347351,0.872492941082,0.197964335381,1e-300
1.425,5,-5.61274317804,0.687637504301,1.896889752,18.6759233773,21.1208347351,0.873213632062,0.197798360017,1e-300
1.45,5,-5.65366417161,0.705604559691,1.89671018798,18.6680808051,21.1208347351,0.873846870131,0.197649212271,1e-300
1.475,5,-5.69180210153,0.728903510237,1.89670876145,18.6594368796,21.1208347351,0.872867812388,0.197739536087,1e-300
1.5,5,-5.72646623886,0.757112380786,1.89690432338,18.6603120205,21.1208347351,0.874007995785,0.197611445358,1e-300
1.525,5,-5.75702876973,0.789720270964,1.89715597383,18.6443911402,21.1208347351,0.872953065634,0.197660086931,1e-300
1.55,5,-5.78293616582,0.826136608269,1.89752067744,18.6333612734,21.1208347351,0.873726673374,0.197460574162,1e-300
1.575,5,-5.80371920954,0.865701844128,1.89790191989,18.6155817343,21.1208347351,0.872605621882,0.197488957431,1e-300
1.6,5,-5.81900149217,0.907699399204,1.89825110564,18.5906721867,21.1208347351,0.87094103896,0.197499372484,1e-300
1.625,5,-5.82850623113,0.951368641606,1.89847329779,18.5549353786,21.1208347351,0.867700721139,0.197693703291,1e-300
1.65,5,-5.8320612829,0.99591866295,1.89855653279,18.5127297689,21.1208347351,0.864114292432,0.197918559925,1e-300
1.675,5,-5.82960226072,1.04054260277,1.89823076086,18.4782372097,21.1208347351,0.861404140223,0.198111506263,1e-300
1.7,5,-5.82117370079,1.08443226182,1.89817292409,18.4686147541,21.1208347351,0.860790998225,0.198165718251,1e-300
1.725,5,-5.80692825558,1.1267927397,1.89828794902,18.4666926958,21.1208347351,0.861408701794,0.197996213873,1e-300
1.75,5,-5.78712392917,1.16685683148,1.89854260765,18.4718146219,21.1208347351,0.86150913501,0.198031281412,1e-300
1.775,5,-5.7621194044,1.20389892288,1.89885856901,18.4765330259,21.1208347351,0.860818832962,0.198176024436,1e-300
1.8,5,-5.73236754664,1.23724813209,1.89911671325,18.4925178248,21.1208347351,0.862357537374,0.198098945669,1e-300
1.825,5,-5.69840720184,1.26630046033,1.89898065874,18.4863184153,21.1208347351,0.86157447373,0.19813952627,1e-300
1.85,5,-5.66085343726,1.29052973107,1.89856851814,18.4922606042,21.1208347351,0.86312130819,0.197952074254,1e-300
1.875,5,-5.6203864018,1.30949711982,1.89781442215,18.4973414115,21.1208347351,0.863415662176,0.197965679135,1e-300
1.9,5,-5.5777390076,1.32285910179,1.8968120147,18.5054694376,21.1208347351,0.863835886839,0.197946456767,1e-300
1.925,5,-5.53368365599,1.33037367364,1.89556701894,18.5162470798,21.1208347351,0.864046823045,0.197996561465,1e-300
1.95,5,-5.48901824833,1.3319047364,1.89415273999,18.5297603647,21.1208347351,0.864456627547,0.198052801732,1e-300
1.975,5,-5.44455173488,1.32742456048,1.89275315765,18.5406174956,21.1208347351,0.865164498711,0.198029875499,1e-300
2,5,-5.40108946367,1.31701428787,1.89158370187,18.5519921347,21.1208347351,0.865969543161,0.19798800056,1e-300
2.025,5,-5.35941859455,1.30086246252,1.89059649657,18.5607988815,21.1208347351,0.866535943944,0.197933685311,1e-300
2.05,5,-5.32029384271,1.2792616156,1.88995825943,18.5682790703,21.1208347351,0.866057288737,0.198078666554,1e-300
2.075,5,-5.28442380972,1.25260296732,1.88963750529,18.5730948652,21.1208347351,0.8657333195,0.198155698383,1e-300
2.1,5,-5.25245814985,1.22136934146,1.88953613316,18.5731566781,21.1208347351,0.865410241861,0.198208717511,1e-300
2.125,5,-5.22497580396,1.18612642077,1.88957493045,18.5667727905,21.1208347351,0.865138252187,0.198167755894,1e-300
2.15,5,-5.20247451409,1.14751250166,1.88983990515,18.5617120977,21.1208347351,0.865177070836,0.198124461739,1e-300
2.175,5,-5.18536180868,1.10622693386,1.8902248902,18.5568702127,21.1208347351,0.864699653175,0.198167948579,1e-300
2.2,5,-5.17394762173,1.06301745422,1.89080010459,18.5514114108,21.1208347351,0.864109175284,0.198202416795,1e-300
2.225,5,-5.16843867942,1.0186666442,1.89155939598,18.5528010015,21.1208347351,0.864273203174,0.198199177584,1e-300
2.25,5,-5.16893475606,0.973977756287,1.89240568222,18.549672937,21.1208347351,0.864028079811,0.198224375599,1e-300
2.275,5,-5.17542686705,0.929760166013,1.89323982141,18.5412326446,21.1208347351,0.864017884811,0.198169205915,1e-300
2.3,5,-5.18779743157,0.886814713072,1.89383655883,18.5261148814,21.1208347351,0.863020675275,0.198201181047,1e-300
2.325,5,-5.20582240215,0.845919197055,1.89435410801,18.5106353882,21.1208347351,0.862361346345,0.198217921236,1e-300
2.35,5,-5.22917532247,0.807814290452,1.89478082073,18.498025605,21.1208347351,0.860550572349,0.198423644658,1e-300
2.375,5,-5.25743323991,0.773190124083,1.89515990231,18.4996569975,21.1208347351,0.860807306043,0.198421635725,1e-300
2.4,5,-5.29008436579,0.74267378791,1.89529436578,18.486875489,21.1208347351,0.859481381915,0.198515726995,1e-300
2.425,5,-5.32653734456,0.716817973593,1.89531396806,18.4848012985,21.1208347351,0.860240630636,0.198359298245,1e-300
2.45,5,-5.36613196401,0.69609096451,1.89514944039,18.4841525657,21.1208347351,0.860348062139,0.198336618143,1e-300
2.475,5,-5.40815111263,0.680868154517,1.89483664387,18.4865659577,21.1208347351,0.860384010075,0.198317911353,1e-300
2.5,5,-5.45183376744,0.671425249062,1.8943704749,18.4859821366,21.1208347351,0.860018490166,0.198344893728,1e-300
2.525,5,-5.49638877714,0.667933271792,1.89384044449,18.4919333309,21.1208347351,0.860544559828,0.198319206509,1e-300
2.55,5,-5.54100919092,0.670455467086,1.89323337768,18.4891797081,21.1208347351,0.860536941987,0.198306216758,1e-300
2.575,5,-5.5848868734,0.678946154614,1.89276178358,18.4871924349,21.1208347351,0.860855203145,0.198247167142,1e-300
2.6,5,-5.62722714108,0.693251556668,1.89234300321,18.4794286149,21.1208347351,0.860862000032,0.198164817302,1e-300
2.625,5,-5.66726315507,0.713112583285,1.89203057561,18.4700577131,21.1208347351,0.86056391776,0.198186691182,1e-300
2.65,5,-5.70426980962,0.738169524711,1.89195507691,18.4577235759,21.1208347351,0.859340301238,0.198301285695,1e-300
2.675,5,-5.73757686473,0.767968566224,1.89214977902,18.4564822502,21.1208347351,0.859783405809,0.198259294163,1e-300
2.7,5,-5.76658108507,0.801970007329,1.89238307602,18.4337389505,21.1208347351,0.858107276069,0.198330379553,1e-300
2.725,5,-5.79075716542,0.839558036452,1.89280239643,18.4252424538,21.1208347351,0.858514346424,0.198215718134,1e-300
2.75,5,-5.80966724465,0.880051884114,1.89324612536,18.411552789,21.1208347351,0.85756979584,0.198243743146,1e-300
2.775,5,-5.82296883591,0.922718152577,1.89371714243,18.3921080011,21.1208347351,0.856858169508,0.198135714472,1e-300
2.8,5,-5.83042102961,0.966784098657,1.89431846919,18.3655423138,21.1208347351,0.855407944337,0.198084274304,1e-300
2.825,5,-5.83188885655,1.01145162913,1.89502919881,18.3390213512,21.1208347351,0.854048794634,0.19805099896,1e-300
2.85,5,-5.82734573242,1.05591175529,1.89550036667,18.3163435912,21.1208347351,0.853335350318,0.197976686814,1e-300
2.875,5,-5.81687393927,1.09935924478,1.89605968873,18.3016968634,21.1208347351,0.853030673448,0.197919450699,1e-300
2.9,5,-5.80066313529,1.14100720546,1.89657153197,18.2871467981,21.1208347351,0.85268815036,0.197855087141,1e-300
2.925,5,-5.77900691981,1.18010133707,1.89692491991,18.2738631513,21.1208347351,0.851966079152,0.197840427108,1e-300
2.95,5,-5.75229751586,1.21593359258,1.89716615257,18.2679499684,21.1208347351,0.851620522739,0.197874930339,1e-300
2.975,5,-5.72101866646,1.24785500194,1.89716637999,18.2686959711,21.1208347351,0.851559374427,0.197889155145,1e-300
3,5,-5.68573687342,1.27528742573,1.89681743977,18.2721815624,21.1208347351,0.851286937951,0.197945704667,1e-300
3.025,5,-5.6470911372,1.29773402606,1.89613134044,18.2814353371,21.1208347351,0.851795051979,0.197964324796,1e-300
3.05,5,-5.60578138375,1.31478826497,1.89512022346,18.2940840554,21.1208347351,0.852143922605,0.198011052787,1e-300
3.075,5,-5.56255578797,1.3261412674,1.89385244383,18.3086186138,21.1208347351,0.852522172252,0.198053218108,1e-300
3.1,5,-5.51819722321,1.33158741529,1.89220132625,18.3288171001,21.1208347351,0.853093181136,0.198142046962,1e-300
3.125,5,-5.47350908239,1.33102807162,1.89039496739,18.3464033497,21.1208347351,0.85359825912,0.198214730222,1e-300
3.15,5,-5.42930072753,1.32447336683,1.88888901756,18.3627419362,21.1208347351,0.854241678022,0.198279386633,1e-300
3.175,5,-5.38637283104,1.31204201542,1.88768002683,18.3748854461,21.1208347351,0.854405203431,0.198368190173,1e-300
3.2,5,-5.34550287455,1.29395916577,1.88673841581,18.383210313,21.1208347351,0.855009496524,0.198347564013,1e-300
3.225,5,-5.30743106763,1.27055232248,1.88610295052,18.3863180424,21.1208347351,0.854457972407,0.19844055018,1e-300
3.25,5,-5.27284694163,1.24224541479,1.88585997264,18.3962778715,21.1208347351,0.855335195016,0.198419454752,1e-300
3.275,5,-5.24237686131,1.20955111864,1.88579206514,18.3868445948,21.1208347351,0.854761301139,0.19841053489,1e-300
3.3,5,-5.21657268059,1.17306157148,1.88605558148,18.3845328197,21.1208347351,0.854795650985,0.198390071083,1e-300
3.325,5,-5.19590174768,1.1334376478,1.88645914392,18.3781278394,21.1208347351,0.854360718798,0.198393751852,1e-300
3.35,5,-5.18073844084,1.09139698986,1.88699744761,18.3710726323,21.1208347351,0.85398254469,0.198362947983,1e-300
3.375,5,-5.17135738782,1.04770101019,1.88754377899,18.3615560219,21.1208347351,0.853413286092,0.198343552313,1e-300
3.4,5,-5.16792849205,1.00314110143,1.88816170615,18.3599025384,21.1208347351,0.853439082208,0.198334712403,1e-300
3.425,5,-5.1705138554,0.958524303128,1.88903036091,18.3489476813,21.1208347351,0.853098311258,0.198281458596,1e-300
3.45,5,-5.1790666535,0.914658685163,1.88975009754,18.3353837311,21.1208347351,0.852618561248,0.198268523698,1e-300
3.475,5,-5.19343198373,0.872338712547,1.89023227064,18.3186247814,21.1208347351,0.851875300694,0.198261652641,1e-300
3.5,5,-5.21334967075,0.832330856586,1.89071120072,18.3041650521,21.1208347351,0.851672447277,0.198181388068,1e-300
3.525,5,-5.2384589786,0.795359713057,1.89119007202,18.2916751796,21.1208347351,0.850789648847,0.198219000483,1e-300
3.55,5,-5.26830514415,0.762094878816,1.89159968447,18.2948645259,21.1208347351,0.851385629869,0.198160483643,1e-300
3.575,5,-5.30234761341,0.733138824502,1.89168071463,18.2783379852,21.1208347351,0.850500418874,0.198128028922,1e-300
3.6,5,-5.33996983174,0.709015982984,1.89164209332,18.2786841178,21.1208347351,0.851234914315,0.198036491704,1e-300
3.625,5,-5.38049041044,0.690163251185,1.89136383073,18.2787356705,21.1208347351,0.851288413801,0.198001887979,1e-300
3.65,5,-5.42317546765,0.676922077291,1.89099465032,18.278690524,21.1208347351,0.851318673034,0.19795164912,1e-300
3.675,5,-5.46725191988,0.669532276672,1.89042888431,18.2783616458,21.1208347351,0.851136224778,0.197951155573,1e-300
3.7,5,-5.51192148365,0.6681276885,1.88969698417,18.2815730057,21.1208347351,0.851287568257,0.197958108514,1e-300
3.725,5,-5.5563751334,0.672733751744,1.88909866762,18.284232991,21.1208347351,0.851649516844,0.197944044356,1e-300
3.75,5,-5.59980775408,0.68326704444,1.88866813769,18.2822041281,21.1208347351,0.851549333742,0.197973352952,1e-300
3.775,5,-5.64143272286,0.699536794569,1.88827410002,18.2746116255,21.1208347351,0.851398064875,0.197947705277,1e-300
3.8,5,-5.68049615587,0.721248335197,1.8880510776,18.2641705561,21.1208347351,0.85089311863,0.197917961823,1e-300
3.825,5,-5.71629056209,0.748008441286,1.88805535447,18.2550426136,21.1208347351,0.850531279437,0.197914677536,1e-300
3.85,5,-5.74816765696,0.779332451523,1.88823032265,18.2434857487,21.1208347351,0.850131088904,0.197877380235,1e-300
3.875,5,-5.77555010366,0.814653046191,1.88858164364,18.2285719296,21.1208347351,0.849417547885,0.197870604927,1e-300
3.9,5,-5.79794196945,0.853330522081,1.88908502428,18.2180999792,21.1208347351,0.849406697689,0.197812800717,1e-300
3.925,5,-5.8149377077,0.894664378375,1.88965105929,18.2061023717,21.1208347351,0.849079803303,0.197747064007,1e-300
3.95,5,-5.82622950285,0.937906003657,1.89029322526,18.1863997063,21.1208347351,0.848271497859,0.197634151125,1e-300
3.975,5,-5.8316128454,0.982272234258,1.89098518227,18.1623030114,21.1208347351,0.846824808945,0.197605288604,1e-300
4,5,-5.83099023581,1.02695953841,1.89147919231,18.1370961823,21.1208347351,0.845956879832,0.197534292375,1e-300
4.025,5,-5.82437295037,1.07115856926,1.89201079646,18.1180898648,21.1208347351,0.846258572991,0.197409067075,1e-300
4.05,5,-5.81188083698,1.11406882325,1.89260095588,18.1038646646,21.1208347351,0.846745045662,0.197291973954,1e-300
4.075,5,-5.79374014451,1.1549131383,1.89311787708,18.0944275642,21.1208347351,0.847092700371,0.197180184004,1e-300
4.1,5,-5.77027942516,1.19295176922,1.89351387371,18.0883603709,21.1208347351,0.846886183795,0.197186784352,1e-300
4.125,5,-5.74192358395,1.22749578555,1.89370342051,18.0955200654,21.1208347351,0.847685421517,0.197161445252,1e-300
4.15,5,-5.70918618308,1.25791954894,1.89351419747,18.0899228921,21.1208347351,0.847304201356,0.197157472317,1e-300
4.175,5,-5.67266014065,1.28367204434,1.89307279083,18.0980921407,21.1208347351,0.847199233091,0.197222409497,1e-300
4.2,5,-5.63300699216,1.30428685964,1.89232090152,18.1086150593,21.1208347351,0.84648910164,0.197350341636,1e-300
4.225,5,-5.59094490916,1.31939063294,1.89138999982,18.1241614965,21.1208347351,0.846478983963,0.197451483373,1e-300
4.25,5,-5.54723569222,1.32870981472,1.89023977485,18.140351391,21.1208347351,0.845784717352,0.197620917627,1e-300
4.275,5,-5.50267097371,1.33207562213,1.88862222462,18.1660194018,21.1208347351,0.846630417067,0.197738710373,1e-300
4.3,5,-5.4580578803,1.32942709589,1.88698230983,18.1877569335,21.1208347351,0.847539547084,0.197805819167,1e-300
4.325,5,-5.41420441478,1.32081220436,1.88578114766,18.2081062766,21.1208347351,0.848227476807,0.197915007249,1e-300
4.35,5,-5.37190482204,1.30638697475,1.88473692429,18.2233402964,21.1208347351,0.848574828928,0.19800731764,1e-300
4.375,5,-5.3319252043,1.28641266725,1.88400015373,18.2377640657,21.1208347351,0.849325376597,0.198001181303,1e-300
4.4,5,-5.2949896459,1.2612510433,1.88352307961,18.2466796613,21.1208347351,0.849079423249,0.198094193373,1e-300
4.425,5,-5.26176709919,1.23135781354,1.88336037136,18.2630960091,21.1208347351,0.850206061662,0.198058171545,1e-300
4.45,5,-5.23285926894,1.19727438435,1.88329454663,18.2568040991,21.1208347351,0.849671348232,0.198058968662,1e-300
4.475,5,-5.20878971461,1.15961805223,1.88358007135,18.2610198758,21.1208347351,0.850204018259,0.198025684113,1e-300
4.5,5,-5.18999436802,1.1190708237,1.88395246072,18.2607260459,21.1208347351,0.849852717356,0.19805594276,1e-300
4.525,5,-5.17681363804,1.0763670633,1.88458425107,18.2577180655,21.1208347351,0.849380481538,0.19806270876,1e-300
4.55,5,-5.16948624531,1.03228019326,1.88528338274,18.2565814536,21.1208347351,0.848999285444,0.198096407682,1e-300
4.575,5,-5.16814489872,0.987608685735,1.8861153969,18.2569461867,21.1208347351,0.848935609792,0.198111642751,1e-300
4.6,5,-5.17281389185,0.943161601489,1.88719406435,18.2531079423,21.1208347351,0.848987193192,0.198088290798,1e-300
4.625,5,-5.18340866298,0.899743936658,1.88806356641,18.2449190472,21.1208347351,0.848613747012,0.198108532064,1e-300
4.65,5,-5.19973732664,0.858142043218,1.88882544542,18.2315576697,21.1208347351,0.848143252829,0.198079703455,1e-300
4.675,5,-5.2215041489,0.819109387101,1.88958106089,18.2196035187,21.1208347351,0.84782937957,0.198043130293,1e-300
4.7,5,-5.24831490349,0.783352901912,1.89032043438,18.2158252897,21.1208347351,0.847692495168,0.198055261833,1e-300
4.725,5,-5.27968401179,0.75152018542,1.89079864324,18.2140776147,21.1208347351,0.84785379646,0.198009999123,1e-300
4.75,5,-5.3150433373,0.724187770694,1.89100433982,18.2140672535,21.1208347351,0.848123833643,0.197963483682,1e-300
4.775,5,-5.35375247533,0.70185068432,1.89098971189,18.2206450411,21.1208347351,0.848825224247,0.197905697925,1e-300
4.8,5,-5.39511035163,0.684913480807,1.89074591573,18.227728062,21.1208347351,0.849273003156,0.197882626187,1e-300
4.825,5,-5.43836791974,0.673682915562,1.89041533724,18.2318645315,21.1208347351,0.849320701135,0.197867055027,1e-300
4.85,5,-5.48274172726,0.668362389143,1.88985546468,18.2382334654,21.1208347351,0.849435292268,0.197902966053,1e-300
4.875,5,-5.52742810517,0.669048263398,1.8891647102,18.244508875,21.1208347351,0.849716604781,0.197925171388,1e-300
4.9,5,-5.57161772342,0.675728116228,1.88871242992,18.2510828879,21.1208347351,0.850221023975,0.197944044738,1e-300
4.925,5,-5.61451024891,0.688280966564,1.88831078257,18.2523000237,21.1208347351,0.850214316747,0.197985680822,1e-300
4.95,5,-5.65532884065,0.706479465497,1.88800212144,18.2502926718,21.1208347351,0.850759334426,0.197902337568,1e-300
4.975,5,-5.69333421934,0.729994013873,1.88788144441,18.2444011497,21.1208347351,0.850162630917,0.197934639714,1e-300
5,5,-5.72783805675,0.758398731772,1.88804116638,18.2480036898,21.1208347351,0.850818676109,0.19788370614,1e-300
5.025,5,-5.75821544223,0.791179171763,1.88838389203,18.2321654999,21.1208347351,0.849953579131,0.197870506309,1e-300
5.05,5,-5.78391620071,0.827741636237,1.88895135465,18.2287778253,21.1208347351,0.850105809696,0.197841565524,1e-300
5.075,5,-5.80447485708,0.867423930062,1.88952670525,18.223932609,21.1208347351,0.85003247959,0.197815583436,1e-300
5.1,5,-5.81951906657,0.909507353824,1.89015562003,18.2147600237,21.1208347351,0.84954075255,0.197765736778,1e-300
5.125,5,-5.82877635843,0.953229720437,1.89091441857,18.1973682635,21.1208347351,0.848354727983,0.197733735086,1e-300
5.15,5,-5.83207907072,0.997799159364,1.89177584712,18.1823287637,21.1208347351,0.847289482745,0.197753705548,1e-300
5.175,5,-5.82936738692,1.04240845846,1.89226749324,18.16888799,21.1208347351,0.846813717435,0.197717041373,1e-300
5.2,5,-5.82069041923,1.08624968365,1.89281059168,18.1599345618,21.1208347351,0.846497990569,0.197718120753,1e-300
5.225,5,-5.80620531914,1.12852881172,1.89336886384,18.1513736837,21.1208347351,0.846034616317,0.197725082607,1e-300
5.25,5,-5.7861744312,1.16848011111,1.89389637327,18.1492413425,21.1208347351,0.846396482016,0.197662985804,1e-300
5.275,5,-5.76096054157,1.20538001036,1.89423799217,18.1503230238,21.1208347351,0.846194947451,0.19771586742,1e-300
5.3,5,-5.73102030752,1.23856020294,1.89441550379,18.1660466804,21.1208347351,0.847477121771,0.197673587072,1e-300
5.325,5,-5.69689598672,1.26741975119,1.89412678232,18.1662855201,21.1208347351,0.847082153119,0.197707262202,1e-300
5.35,5,-5.65920561627,1.29143597009,1.89361921876,18.1810935183,21.1208347351,0.848074719764,0.197700581333,1e-300
5.375,5,-5.61863181919,1.31017389379,1.89281161619,18.1962808669,21.1208347351,0.848693265586,0.197747422977,1e-300
5.4,5,-5.57590944119,1.32329415344,1.89185165929,18.2126951189,21.1208347351,0.849350464503,0.197772903513,1e-300
5.425,5,-5.53181224169,1.33055912359,1.89054844029,18.2308249433,21.1208347351,0.849815642956,0.197857206855,1e-300
5.45,5,-5.48713887995,1.33183722592,1.88888013335,18.252078876,21.1208347351,0.85040349577,0.19795617814,1e-300
5.475,5,-5.4426984503,1.32710531227,1.88737208479,18.2699830594,21.1208347351,0.851052203544,0.19802480306,1e-300
5.5,5,-5.39929582834,1.31644908394,1.8862714102,18.2848899092,21.1208347351,0.851298298206,0.198138079857,1e-300
5.525,5,-5.35771709362,1.30006153946,1.88541585707,18.295571748,21.1208347351,0.851578309387,0.198181563967,1e-300
5.55,5,-5.31871529263,1.2782394792,1.88491216701,18.3053264227,21.1208347351,0.851580208672,0.198214938963,1e-300
5.575,5,-5.28299680014,1.25137812985,1.88477342393,18.3131313742,21.1208347351,0.851919488248,0.19823068693,1e-300
5.6,5,-5.25120852583,1.21996398636,1.88494823787,18.314774079,21.1208347351,0.852288549059,0.198180477104,1e-300
5.625,5,-5.22392619786,1.18456600089,1.88531660652,18.3124439873,21.1208347351,0.852244722868,0.198161651324,1e-300
5.65,5,-5.20164393567,1.1458252783,1.88581156611,18.3096640933,21.1208347351,0.852291234421,0.19814298896,1e-300
5.675,5,-5.18476530084,1.10444346489,1.88640575913,18.3036588794,21.1208347351,0.851686317197,0.198154123225,1e-300
5.7,5,-5.17359598801,1.06117004065,1.88714499824,18.2954396374,21.1208347351,0.850982973898,0.19815521324,1e-300
5.725,5,-5.16833828839,1.01678874516,1.88786236138,18.2916517694,21.1208347351,0.850607392797,0.198179851957,1e-300
5.75,5,-5.16908742593,0.972103383038,1.88871562001,18.2833880472,21.1208347351,0.850106233679,0.198177831204,1e-300
5.775,5,-5.17582983277,0.927923265962,1.88963522227,18.2740634283,21.1208347351,0.849852917413,0.198161661596,1e-300
5.8,5,-5.18844339489,0.885048554936,1.89034309803,18.2606945885,21.1208347351,0.849249137541,0.19816470333,1e-300
5.825,5,-5.20669966381,0.84425576832,1.89090152649,18.2474739055,21.1208347351,0.84925591927,0.198072652802,1e-300
5.85,5,-5.23026799408,0.806283718037,1.89149007368,18.2376778818,21.1208347351,0.848674211138,0.198105155047,1e-300
5.875,5,-5.25872153174,0.771820128702,1.89212713053,18.2457062434,21.1208347351,0.849529857272,0.198074061255,1e-300
5.9,5,-5.29154494514,0.741489182011,1.89228343498,18.2383505709,21.1208347351,0.849090564258,0.198053255639,1e-300
5.925,5,-5.32814375839,0.715840211974,1.89225002535,18.2452362987,21.1208347351,0.849813538974,0.198010461321,1e-300
5.95,5,-5.36785511801,0.695337755741,1.8919442403,18.2521725709,21.1208347351,0.85018752174,0.198005873706,1e-300
5.975,5,-5.40995979818,0.680353140216,1.8915424598,18.2602301862,21.1208347351,0.850453739749,0.198001674153,1e-300
6,5,-5.45369522683,0.671157756827,1.89103070011,18.2643755076,21.1208347351,0.850293888811,0.198024968034,1e-300
6.025,5,-5.49826929685,0.667918146266,1.89024667986,18.2735561335,21.1208347351,0.850540207004,0.198077369365,1e-300
6.05,5,-5.54287471222,0.670692982211,1.88940068821,18.2792216242,21.1208347351,0.850945069273,0.198068252262,1e-300
6.075,5,-5.58670360921,0.679432008674,1.88883324554,18.2817657191,21.1208347351,0.851163716635,0.198090962626,1e-300
6.1,5,-5.62896218788,0.693976950196,1.88830641271,18.2794429106,21.1208347351,0.851165884062,0.198090716129,1e-300
6.125,5,-5.66888508884,0.714064378435,1.88791371445,18.2753341385,21.1208347351,0.851608177158,0.197983101069,1e-300
6.15,5,-5.70574925498,0.739330483199,1.88768612192,18.2669577881,21.1208347351,0.851132316297,0.197985745431,1e-300
6.175,5,-5.73888702693,0.769317661539,1.8878299821,18.2667369614,21.1208347351,0.851685967556,0.197904600816,1e-300
6.2,5,-5.76769823533,0.80348280555,1.88820333227,18.2454076629,21.1208347351,0.850422566295,0.197908861839,1e-300
6.225,5,-5.79166107066,0.841207138781,1.88873673229,18.2379592577,21.1208347351,0.85050417879,0.197864033275,1e-300
6.25,5,-5.81034153393,0.881807423103,1.88925927315,18.2278704328,21.1208347351,0.84993224048,0.19785408421,1e-300
6.275,5,-5.82340129695,0.924548333066,1.88993088211,18.2112456751,21.1208347351,0.849029432072,0.197790383888,1e-300
6.3,5,-5.83060382996,0.968655773629,1.89079015543,18.1917322626,21.1208347351,0.847730218156,0.197774865854,1e-300
6.325,5,-5.83181868545,1.01333090005,1.89153114762,18.1746675418,21.1208347351,0.846735741603,0.197766529542,1e-300
6.35,5,-5.82702386077,1.05776458605,1.89208441077,18.1570786286,21.1208347351,0.846099143306,0.197722168174,1e-300
6.375,5,-5.81630619659,1.10115207813,1.89259010904,18.1383644929,21.1208347351,0.845008228379,0.19774352552,1e-300
6.4,5,-5.79985980416,1.1427075708,1.89310888858,18.122764528,21.1208347351,0.844600287066,0.197680012077,1e-300
6.425,5,-5.77798254963,1.18167843849,1.8935926793,18.1174176345,21.1208347351,0.844755921238,0.197631577543,1e-300
6.45,5,-5.75107065935,1.21735886669,1.89394157695,18.1193837856,21.1208347351,0.844925175912,0.197638577276,1e-300
6.475,5,-5.71961154363,1.24910263511,1.89399925478,18.1210134348,21.1208347351,0.845250594588,0.197603585147,1e-300
6.5,5,-5.68417496915,1.27633482164,1.89363165624,18.1238573988,21.1208347351,0.845265391749,0.197622830505,1e-300
6.525,5,-5.64540273965,1.29856221498,1.89304825094,18.1302690232,21.1208347351,0.845420682656,0.19764943132,1e-300
6.55,5,-5.60399707207,1.3153822473,1.89212032361,18.1425794636,21.1208347351,0.845865577706,0.197688189023,1e-300
6.575,5,-5.56070787843,1.32649028532,1.89101274845,18.1573049962,21.1208347351,0.846386830413,0.197716941193,1e-300
6.6,5,-5.51631918392,1.33168514762,1.88941431414,18.1810050144,21.1208347351,0.84733534598,0.197791363115,1e-300
6.625,5,-5.47163492716,1.33087274828,1.88757276945,18.2024540802,21.1208347351,0.848007847134,0.197876611334,1e-300
6.65,5,-5.42746439981,1.32406780096,1.88599586207,18.2235543256,21.1208347351,0.848688464234,0.197977066918,1e-300
6.675,5,-5.38460758918,1.31139355234,1.88465741572,18.2422429702,21.1208347351,0.84912997851,0.198096681348,1e-300
6.7,5,-5.34384068945,1.29307955002,1.88364863671,18.2609996121,21.1208347351,0.850146101661,0.198099659093,1e-300
6.725,5,-5.30590204368,1.26945748508,1.88290109223,18.2760521031,21.1208347351,0.849977911098,0.198222400217,1e-300
6.75,5,-5.2714787715,1.2409551847,1.88260327399,18.2967317182,21.1208347351,0.85114814433,0.198229358409,1e-300
6.775,5,-5.24119432439,1.20808886367,1.88256359015,18.2944752112,21.1208347351,0.850912068067,0.198231756169,1e-300
6.8,5,-5.2155971942,1.17145377501,1.88285704841,18.2991671375,21.1208347351,0.85147026728,0.198205729908,1e-300
6.825,5,-5.1951509792,1.13171342918,1.88331494806,18.2961620587,21.1208347351,0.851256397359,0.19821039633,1e-300
6.85,5,-5.18022598767,1.08958757699,1.88401446306,18.2891883904,21.1208347351,0.850687534056,0.198196760108,1e-300
6.875,5,-5.17109253118,1.04583917397,1.88480891365,18.2777624392,21.1208347351,0.849673234726,0.1982045702,1e-300
6.9,5,-5.16791602885,1.00126056219,1.88567583955,18.268200907,21.1208347351,0.848971632427,0.198225874328,1e-300
6.925,5,-5.17075401137,0.956659119952,1.88665608431,18.2552998826,21.1208347351,0.848523207717,0.198182710502,1e-300
6.95,5,-5.17955507909,0.912842639013,1.88763608142,18.2454233768,21.1208347351,0.848331080704,0.198151728057,1e-300
6.975,5,-5.1941598329,0.87060469445,1.88851386422,18.2288629859,21.1208347351,0.847650941492,0.198114299988,1e-300
7,5,-5.21430376117,0.830710271926,1.88922659041,18.2147490339,21.1208347351,0.84762702615,0.198010027171,1e-300
7.025,5,-5.23962203043,0.793881912791,1.89005189705,18.2050104328,21.1208347351,0.847119185236,0.198027646243,1e-300
7.05,5,-5.26965609295,0.760786627884,1.89075518982,18.2116973088,21.1208347351,0.848153904746,0.197943834276,1e-300
7.075,5,-5.3038619917,0.732023817077,1.89095246795,18.2014158287,21.1208347351,0.847589378054,0.197911152087,1e-300
7.1,5,-5.3416202121,0.708114413342,1.89097702235,18.2068840527,21.1208347351,0.848464077698,0.197836772442,1e-300
7.125,5,-5.38224690228,0.689491447958,1.89078673466,18.2117439122,21.1208347351,0.8486820728,0.197836453294,1e-300
7.15,5,-5.42500625855,0.676492207734,1.89053882024,18.2161358368,21.1208347351,0.848807707712,0.197819335563,1e-300
7.175,5,-5.46912385178,0.669352126298,1.89007803591,18.2210315689,21.1208347351,0.848852965003,0.197839326507,1e-300
7.2,5,-5.51380065334,0.668200520072,1.88940596788,18.2281398463,21.1208347351,0.849282915251,0.197844237032,1e-300
7.225,5,-5.55822750661,0.673058246186,1.88880979938,18.2324105924,21.1208347351,0.849951708844,0.197799844239,1e-300
7.25,5,-5.60159978187,0.683837324724,1.88836096637,18.2305081492,21.1208347351,0.84994840867,0.197811251891,1e-300
7.275,5,-5.64313194919,0.700342532155,1.88798283933,18.224353467,21.1208347351,0.850047656337,0.197747718767,1e-300
7.3,5,-5.68207180548,0.722274937101,1.88775562009,18.2169191255,21.1208347351,0.849837530433,0.197684367119,1e-300
7.325,5,-5.71771409787,0.749237314373,1.88777578635,18.2118840101,21.1208347351,0.849888810797,0.197642299365,1e-300
7.35,5,-5.74941329676,0.780741339259,1.88817939124,18.2019678949,21.1208347351,0.849579374391,0.197603216286,1e-300
7.375,5,-5.77659528729,0.816216431734,1.88881475033,18.1918861909,21.1208347351,0.848998792744,0.197623730956,1e-300
7.4,5,-5.79876776723,0.855020090428,1.88946309943,18.1851561149,21.1208347351,0.848823138,0.197620125698,1e-300
7.425,5,-5.81552916332,0.896449529185,1.89010762736,18.1754994701,21.1208347351,0.848272763806,0.197611144312,1e-300
7.45,5,-5.82657590427,0.93975440546,1.89092985216,18.1581078255,21.1208347351,0.84779622796,0.197518337327,1e-300
7.475,5,-5.83170791882,0.984150410026,1.89188939603,18.1434747301,21.1208347351,0.84734372703,0.197475789726,1e-300
7.5,5,-5.83083225933,1.02883347186,1.8925381488,18.125513997,21.1208347351,0.846815044687,0.197409074609,1e-300
7.525,5,-5.82396478515,1.07299432096,1.89309683504,18.1081212931,21.1208347351,0.846694345094,0.197332016742,1e-300
7.55,5,-5.81122987544,1.11583314529,1.8936054824,18.0927144327,21.1208347351,0.846475286357,0.197278433728,1e-300
7.575,5,-5.79285817643,1.15657407643,1.89406751376,18.0865985809,21.1208347351,0.846493576157,0.197221871546,1e-300
7.6,5,-5.76918242417,1.19447924164,1.89426701794,18.0880288925,21.1208347351,0.846121561326,0.197294478037,1e-300
7.625,5,-5.7406314182,1.22886212769,1.89423997449,18.1048416182,21.1208347351,0.846752359734,0.19735091237,1e-300
7.65,5,-5.70772225541,1.25910001451,1.89364996261,18.1064796019,21.1208347351,0.84585747169,0.197440506804,1e-300
7.675,5,-5.67105096477,1.28464525354,1.89278040643,18.1214039352,21.1208347351,0.845132229407,0.197606735478,1e-300
7.7,5,-5.63128171238,1.30503518634,1.89165347384,18.1353315454,21.1208347351,0.84535255065,0.197682135911,1e-300
7.725,5,-5.58913477261,1.31990052395,1.89036436869,18.1544797308,21.1208347351,0.845915173445,0.197744319009,1e-300
7.75,5,-5.54537348289,1.32897203523,1.88898212307,18.1720915085,21.1208347351,0.846477041339,0.197801012429,1e-300
7.775,5,-5.50079041871,1.33208542297,1.88734655662,18.200845064,21.1208347351,0.847825534363,0.197875673285,1e-300
7.8,5,-5.45619303899,1.32918429957,1.88576001652,18.2201540125,21.1208347351,0.848542164322,0.197936369909,1e-300
7.825,5,-5.41238906193,1.32032120823,1.88466914581,18.2369003105,21.1208347351,0.848903239352,0.198054900552,1e-300
7.85,5,-5.37017183612,1.30565667141,1.88382852873,18.2512549754,21.1208347351,0.849240883826,0.198144880566,1e-300
7.875,5,-5.330305972,1.28545628347,1.88327185857,18.2670242082,21.1208347351,0.850071050344,0.198137697705,1e-300
7.9,5,-5.29351349368,1.26008590047,1.88285161909,18.2752170281,21.1208347351,0.84979661705,0.198236231122,1e-300
7.925,5,-5.26046076215,1.23000501396,1.88281946615,18.2892038914,21.1208347351,0.850785550292,0.198213648035,1e-300
7.95,5,-5.23174640659,1.19575842903,1.88292405673,18.2834212089,21.1208347351,0.85041031582,0.198214567259,1e-300
7.975,5,-5.20789048237,1.15796639714,1.88327482786,18.2868153333,21.1208347351,0.850983854678,0.19817922501,1e-300
8,5,-5.18932505219,1.11731338252,1.88379925305,18.28578287,21.1208347351,0.850577823458,0.198213751967,1e-300
8.025,5,-5.17638636083,1.07453566565,1.88455540675,18.2847265376,21.1208347351,0.850326249131,0.198204360969,1e-300
8.05,5,-5.16930874528,1.03040800819,1.88537044204,18.2862795732,21.1208347351,0.850167215917,0.198224520767,1e-300
8.075,5,-5.16822039062,0.985729621037,1.88631509772,18.2877450431,21.1208347351,0.850302089245,0.198218986961,1e-300
8.1,5,-5.17314100843,0.941309689528,1.88741408255,18.2856632657,21.1208347351,0.85051841497,0.198177550658,1e-300
8.125,5,-5.18398147972,0.897952718037,1.8883433154,18.278866516,21.1208347351,0.85019353331,0.198180814744,1e-300
8.15,5,-5.20054546907,0.856443959303,1.88912420219,18.2650127564,21.1208347351,0.849813570672,0.198128194695,1e-300
8.175,5,-5.22253298048,0.817535192462,1.88980945154,18.2543583656,21.1208347351,0.849410082157,0.198104620442,1e-300
8.2,5,-5.2495457907,0.781931107319,1.89065785391,18.2549886492,21.1208347351,0.849685845929,0.198098063177,1e-300
8.225,5,-5.28109466161,0.750276541475,1.89117938537,18.2548053638,21.1208347351,0.849887653749,0.198054189768,1e-300
8.25,5,-5.31660820097,0.723144801452,1.89135333692,18.2554749203,21.1208347351,0.850041044141,0.198028683084,1e-300
8.275,5,-5.35544321109,0.701027279349,1.89129623861,18.2617580477,21.1208347351,0.850736534277,0.197985138875,1e-300
8.3,5,-5.39689633799,0.684324553072,1.89113706378,18.2684665582,21.1208347351,0.850914402573,0.197984525412,1e-300
8.325,5,-5.4402168101,0.673339131332,1.89086370759,18.2725223951,21.1208347351,0.850859963285,0.197989197647,1e-300
8.35,5,-5.48462003574,0.66826997481,1.89035068707,18.2820154613,21.1208347351,0.851278123275,0.198008185274,1e-300
8.375,5,-5.5293018131,0.66920889271,1.88969147267,18.2889413369,21.1208347351,0.851834500503,0.197982698543,1e-300
8.4,5,-5.57345289543,0.676138879972,1.88922349755,18.2909910734,21.1208347351,0.852349297189,0.197951214603,1e-300
8.425,5,-5.61627364759,0.68893442526,1.88883480125,18.2849849208,21.1208347351,0.852120062707,0.197949507112,1e-300
8.45,5,-5.65698852849,0.707363784134,1.88856169217,18.2760680534,21.1208347351,0.852448832469,0.197819704416,1e-300
8.475,5,-5.69486013717,0.731093176258,1.88848936094,18.2650003532,21.1208347351,0.851676047304,0.197816254733,1e-300
8.5,5,-5.72920256816,0.759692830604,1.88874652653,18.2650755871,21.1208347351,0.852326312927,0.197720938535,1e-300
8.525,5,-5.75939383409,0.792644769182,1.8893243501,18.2447511086,21.1208347351,0.851260066665,0.197702840484,1e-300
8.55,5,-5.78488713077,0.829352188313,1.89005600685,18.2362125495,21.1208347351,0.851241548339,0.197669283103,1e-300
8.575,5,-5.8052207405,0.869150267542,1.89076500288,18.2246099512,21.1208347351,0.850944423728,0.197634300211,1e-300
8.6,5,-5.8200263944,0.911318210429,1.89156227305,18.2080059923,21.1208347351,0.850172886221,0.197575344123,1e-300
8.625,5,-5.82903594229,0.955092299131,1.89257222989,18.1821567625,21.1208347351,0.848836004825,0.197522558454,1e-300
8.65,5,-5.8320862092,0.999679726356,1.8936127987,18.1582045342,21.1208347351,0.847548828055,0.197529197697,1e-300
8.675,5,-5.82912195072,1.04427295417,1.89425433267,18.1320119118,21.1208347351,0.846804272506,0.1974545481,1e-300
8.7,5,-5.82019685353,1.08806433956,1.89495796765,18.1119161529,21.1208347351,0.846750520447,0.197379640761,1e-300
8.725,5,-5.80547256309,1.13026076199,1.8956707354,18.0951742033,21.1208347351,0.846463543412,0.197316717276,1e-300
8.75,5,-5.78521575598,1.1700979878,1.89628955314,18.0910785515,21.1208347351,0.8463844182,0.197293087006,1e-300
8.775,5,-5.75979331007,1.20685451157,1.89665787647,18.0931769429,21.1208347351,0.846073298289,0.197362018943,1e-300
8.8,5,-5.72966565987,1.23986462347,1.89670189096,18.109525366,21.1208347351,0.846776564136,0.197398630708,1e-300
8.825,5,-5.6953784574,1.26853046624,1.89607282084,18.1119966814,21.1208347351,0.84539328532,0.19754664694,1e-300
8.85,5,-5.65755268976,1.29233286312,1.8951702131,18.1273838998,21.1208347351,0.845408985377,0.197657051642,1e-300
8.875,5,-5.6168734322,1.31084072088,1.8938801654,18.146888939,21.1208347351,0.845921574869,0.197758455375,1e-300
8.9,5,-5.57407744047,1.32371883746,1.8924432677,18.1717320584,21.1208347351,0.847105871959,0.197785573925,1e-300
8.925,5,-5.52993980722,1.33073397294,1.89061892068,18.2029255319,21.1208347351,0.848439843578,0.197862603717,1e-300
8.95,5,-5.48525992401,1.33175907384,1.88852002398,18.2383279093,21.1208347351,0.849808446738,0.197971106065,1e-300
8.975,5,-5.4408470033,1.3267755742,1.88657011013,18.2653968123,21.1208347351,0.85060563746,0.198089228122,1e-300
9,5,-5.39750542247,1.31587373188,1.8849132787,18.2906383239,21.1208347351,0.851146091028,0.198248960366,1e-300
9.025,5,-5.35602015552,1.29925099381,1.88354933199,18.3197166086,21.1208347351,0.852293848146,0.198326460481,1e-300
9.05,5,-5.31714255612,1.27720842002,1.88245974182,18.3484784527,21.1208347351,0.852945629342,0.198420983555,1e-300
9.075,5,-5.28157674958,1.250145231,1.88170378845,18.3733220075,21.1208347351,0.853615476076,0.198525535596,1e-300
9.1,5,-5.24996688024,1.21855157729,1.8813574565,18.3904054546,21.1208347351,0.854237651811,0.198566567444,1e-300
9.125,5,-5.22288544509,1.18299966221,1.88136995569,18.4035349684,21.1208347351,0.85470101154,0.198606204456,1e-300
9.15,5,-5.20082292516,1.14413337851,1.8816758159,18.4125879946,21.1208347351,0.855120368014,0.198639171616,1e-300
9.175,5,-5.18417890217,1.10265664655,1.88238624383,18.418289491,21.1208347351,0.854891820602,0.198693744374,1e-300
9.2,5,-5.17325482166,1.05932066543,1.883378979,18.4211675724,21.1208347351,0.854559973529,0.198733834769,1e-300
9.225,5,-5.16824853333,1.01491030772,1.88453710704,18.4307961208,21.1208347351,0.855150556882,0.198739179097,1e-300
9.25,5,-5.16925070775,0.970229904397,1.88580328935,18.4327557554,21.1208347351,0.855270248098,0.198732227573,1e-300
9.275,5,-5.17624319421,0.92608867732,1.88710726448,18.4294630141,21.1208347351,0.855338363985,0.198707889143,1e-300
9.3,5,-5.18909934943,0.883286083147,1.88828494103,18.4144289996,21.1208347351,0.854479300749,0.198712780943,1e-300
9.325,5,-5.20758633123,0.842597334106,1.88922402051,18.3966741681,21.1208347351,0.854403709918,0.198593653085,1e-300
9.35,5,-5.23136931566,0.804759357858,1.89018567438,18.3806123476,21.1208347351,0.853339515933,0.198626284427,1e-300
9.375,5,-5.26001756106,0.770457450761,1.89125457818,18.3836485029,21.1208347351,0.854023998115,0.198563369181,1e-300
9.4,5,-5.29301220938,0.740312866227,1.8917440008,18.3689589355,21.1208347351,0.853139465418,0.19854471454,1e-300
9.425,5,-5.32975568342,0.714871562999,1.8920174071,18.3695278107,21.1208347351,0.85367004656,0.198483475538,1e-300
9.45,5,-5.36958250973,0.694594317104,1.89211152039,18.3722662082,21.1208347351,0.854089081148,0.198436074317,1e-300
9.475,5,-5.41177137121,0.679848376585,1.8921478445,18.3757371417,21.1208347351,0.854266906833,0.198407038872,1e-300
9.5,5,-5.45555817116,0.670900810146,1.89198620261,18.3764637145,21.1208347351,0.854141756142,0.198410078085,1e-300
9.525,5,-5.50014987206,0.667913670183,1.89165137418,18.3858805306,21.1208347351,0.854774770831,0.198412565208,1e-300
9.55,5,-5.54473885859,0.670941057795,1.89115711719,18.3899814494,21.1208347351,0.855559066631,0.19833280404,1e-300
9.575,5,-5.58851756454,0.679928142943,1.89087135322,18.3862985517,21.1208347351,0.855675666554,0.19831522723,1e-300
9.6,5,-5.63069309902,0.694712157496,1.89067676629,18.3774721264,21.1208347351,0.855522468953,0.19827668309,1e-300
9.625,5,-5.67050160668,0.715025343177,1.89062752583,18.3691808297,21.1208347351,0.855820610849,0.198145002241,1e-300
9.65,5,-5.70722210221,0.740499801027,1.890814518,18.3608714524,21.1208347351,0.855514977717,0.198118408856,1e-300
9.675,5,-5.74018952833,0.770674154544,1.89140971762,18.3605170892,21.1208347351,0.856239574758,0.198004211604,1e-300
9.7,5,-5.76880680085,0.80500190583,1.89220223647,18.341658855,21.1208347351,0.85527376219,0.197988650576,1e-300
9.725,5,-5.7925556227,0.842861333396,1.89311992976,18.3344149053,21.1208347351,0.855542383421,0.197921728576,1e-300
9.75,5,-5.81100587094,0.883566752377,1.89405100871,18.3250045037,21.1208347351,0.855062787973,0.197899526017,1e-300
9.775,5,-5.82382338692,0.926380933194,1.89508542255,18.3101966104,21.1208347351,0.854347296137,0.197832558691,1e-300
9.8,5,-5.83077602827,0.970528453771,1.89627745536,18.2913275254,21.1208347351,0.852981294681,0.19784270159,1e-300
9.825,5,-5.83173787335,1.01520974347,1.89724657336,18.2697387476,21.1208347351,0.851704164427,0.197848602533,1e-300
9.85,5,-5.82669150188,1.05961556436,1.89802602105,18.2496745803,21.1208347351,0.851014778231,0.19780256593,1e-300
9.875,5,-5.81572831037,1.10294166766,1.89890664786,18.2402657157,21.1208347351,0.85079260953,0.197785790045,1e-300
9.9,5,-5.79904685691,1.14440335968,1.89979572598,18.2380783925,21.1208347351,0.85106021561,0.197731277355,1e-300
9.925,5,-5.77694926491,1.18324971372,1.90045860041,18.2490498974,21.1208347351,0.851583387099,0.197715612513,1e-300
9.95,5,-5.74983575132,1.21877717037,1.90090619791,18.2696381515,21.1208347351,0.852562374543,0.197749094632,1e-300
9.975,5,-5.71819737814,1.25034227986,1.9009138827,18.2896315713,21.1208347351,0.853227568015,0.197795785484,1e-300
10,5,-5.68260715861,1.27737335585,1.90046212733,18.312297172,21.1208347351,0.853694926695,0.197894545587,1e-300
10.025,5,-5.64370967922,1.2993808294,1.89963747577,18.3393696384,21.1208347351,0.854778532395,0.197975981402,1e-300
10.05,5,-5.60220942534,1.31596611572,1.898422011,18.3757442271,21.1208347351,0.856268640063,0.198043858954,1e-300
10.075,5,-5.55885802207,1.32682883311,1.89685140795,18.4145233265,21.1208347351,0.857801392131,0.198098968284,1e-300
10.1,5,-5.5144406213,1.33177224322,1.89468059654,18.4595090566,21.1208347351,0.859906481582,0.198138071289,1e-300
10.125,5,-5.46976168156,1.33070681428,1.89232957073,18.4944380003,21.1208347351,0.861497909427,0.198131840111,1e-300
10.15,5,-5.42563039821,1.32365184264,1.89026567999,18.5230214911,21.1208347351,0.863062418224,0.198084920955,1e-300
10.175,5,-5.38284604782,1.31073510327,1.88845705635,18.5455739274,21.1208347351,0.864469487424,0.198020859331,1e-300
10.2,5,-5.34218351218,1.29219053559,1.88715997831,18.5638444953,21.1208347351,0.865733399348,0.197994048185,1e-300
10.225,5,-5.30437924421,1.26835400652,1.88620161674,18.5707038799,21.1208347351,0.864948635117,0.198181570452,1e-300
10.25,5,-5.27011792975,1.2396572275,1.88586109903,18.5809906744,21.1208347351,0.865649245603,0.198182140597,1e-300
10.275,5,-5.24002008704,1.20661993556,1.88578852572,18.5665012017,21.1208347351,0.864220000859,0.1982777192,1e-300
10.3,5,-5.21463082825,1.16984048024,1.88616251658,18.559659228,21.1208347351,0.864728760447,0.198146520408,1e-300
10.325,5,-5.19440998683,1.12998498668,1.8867520881,18.547304711,21.1208347351,0.863544540173,0.198240104881,1e-300
10.35,5,-5.17972378925,1.08777529117,1.8877115663,18.5367721455,21.1208347351,0.862697058324,0.198273072137,1e-300
10.375,5,-5.17083822219,1.04397586774,1.88878748112,18.5265655815,21.1208347351,0.861898579578,0.198309157531,1e-300
10.4,5,-5.16791421516,0.999379982527,1.88993814424,18.5256155604,21.1208347351,0.862243276954,0.198280336391,1e-300
10.425,5,-5.17100472584,0.954795326663,1.89114109181,18.5106051676,21.1208347351,0.861071939454,0.198365910643,1e-300
10.45,5,-5.18005378094,0.91102938789,1.89218905395,18.4897585176,21.1208347351,0.859760722026,0.198438140325,1e-300
10.475,5,-5.19489748997,0.868874825895,1.89311620599,18.4607992394,21.1208347351,0.858050020592,0.198498717647,1e-300
10.5,5,-5.21526701351,0.829095116174,1.89381713682,18.4363750024,21.1208347351,0.85648279462,0.198621744227,1e-300
10.525,5,-5.24079343224,0.792410722472,1.89455127069,18.4183934416,21.1208347351,0.855313243766,0.198678182362,1e-300
10.55,5,-5.27101442859,0.759486048222,1.89515671024,18.4166914772,21.1208347351,0.855803890802,0.198589375236,1e-300
10.575,5,-5.30538265989,0.730917403309,1.89520118773,18.4033938908,21.1208347351,0.855009596365,0.198576447425,1e-300
10.6,5,-5.34327567151,0.707222204101,1.89508535953,18.4071416498,21.1208347351,0.855869029592,0.198495699887,1e-300
10.625,5,-5.38400717032,0.688829602347,1.89483555172,18.4139446196,21.1208347351,0.856184603804,0.198478839624,1e-300
10.65,5,-5.42683945441,0.676072712662,1.89450743415,18.4195061518,21.1208347351,0.856337979275,0.198460761448,1e-300
10.675,5,-5.47099677383,0.669182579382,1.89392496401,18.4270010303,21.1208347351,0.856476797535,0.198492697446,1e-300
10.7,5,-5.51567938046,0.668283992033,1.89311521133,18.4369880901,21.1208347351,0.857015819466,0.198503478506,1e-300
10.725,5,-5.56007801254,0.673393225236,1.89233645916,18.4427545307,21.1208347351,0.858125823565,0.1983804899,1e-300
10.75,5,-5.60338855147,0.684417743943,1.89171101747,18.4406718121,21.1208347351,0.858383447419,0.198325263512,1e-300
10.775,5,-5.64482658545,0.701157879377,1.89115557077,18.4349176772,21.1208347351,0.858629223838,0.198239572404,1e-300
10.8,5,-5.68364161628,0.723310445295,1.8907418151,18.4286699916,21.1208347351,0.857848091756,0.198321408936,1e-300
10.825,5,-5.71913065183,0.750474229101,1.89065615649,18.4261803174,21.1208347351,0.857993671712,0.19829397973,1e-300
10.85,5,-5.7506509382,0.782157258342,1.89092931228,18.4158518477,21.1208347351,0.857530742442,0.198269882112,1e-300
10.875,5,-5.77763160085,0.817785710984,1.8914149041,18.4066055091,21.1208347351,0.857040151139,0.198265325996,1e-300
10.9,5,-5.7995839839,0.856714308098,1.89202609793,18.4011394933,21.1208347351,0.857146099934,0.198226859606,1e-300
10.925,5,-5.81611050033,0.898238000727,1.89256522195,18.3959666763,21.1208347351,0.856799140492,0.198206428951,1e-300
10.95,5,-5.82691183282,0.941604739263,1.89313096691,18.3837857994,21.1208347351,0.855917753595,0.198187626526,1e-300
10.975,5,-5.8317923548,0.98602909407,1.89377939675,18.3679255219,21.1208347351,0.854457765798,0.198265854699,1e-300
11,5,-5.83066367348,1.03070648067,1.89402199413,18.3443478472,21.1208347351,0.853128416042,0.198273858236,1e-300
11.025,5,-5.82354623079,1.07482773183,1.8942847867,18.32580574,21.1208347351,0.852449456059,0.198265317036,1e-300
11.05,5,-5.81056893315,1.1175937527,1.89457380798,18.3103767532,21.1208347351,0.851731756356,0.19826918321,1e-300
11.075,5,-5.79196681677,1.15822999343,1.89480920817,18.3041694772,21.1208347351,0.852206115859,0.198154431043,1e-300
11.1,5,-5.76807679084,1.19600047736,1.89492991293,18.3033537377,21.1208347351,0.851879508444,0.198180864581,1e-300
11.125,5,-5.7393315357,1.23022113051,1.89488376153,18.3186867823,21.1208347351,0.853091313645,0.198138155356,1e-300
11.15,5,-5.70625166636,1.26027217107,1.89436898242,18.3167873061,21.1208347351,0.852575203374,0.198168196667,1e-300
11.175,5,-5.6694363035,1.28560933453,1.89358537647,18.3278822898,21.1208347351,0.853121281633,0.198182578464,1e-300
11.2,5,-5.62955222257,1.30577373095,1.89267764695,18.3356448624,21.1208347351,0.853433327355,0.198205785799,1e-300
11.225,5,-5.58732177762,1.32040015616,1.89177587545,18.3501986737,21.1208347351,0.854298886276,0.198184926628,1e-300
11.25,5,-5.54350981849,1.32922370602,1.89067174627,18.3622532599,21.1208347351,0.854702122619,0.198196545274,1e-300
11.275,5,-5.49890983836,1.33208457426,1.88928689901,18.3792372299,21.1208347351,0.855477233079,0.198231619682,1e-300
11.3,5,-5.45432960252,1.32893094671,1.88795227331,18.3822705993,21.1208347351,0.855324545967,0.19827081199,1e-300
11.325,5,-5.41057651865,1.3198199398,1.88712027934,18.384685772,21.1208347351,0.855130808141,0.198348577882,1e-300
11.35,5,-5.36844301363,1.30491656605,1.88651934346,18.3870516045,21.1208347351,0.855125659147,0.198381065381,1e-300
11.375,5,-5.32869218158,1.28449074547,1.88618001092,18.3896053182,21.1208347351,0.855418828169,0.198325865653,1e-300
11.4,5,-5.29204396323,1.25891241701,1.88597083636,18.3843692372,21.1208347351,0.854432397189,0.198416812155,1e-300
11.425,5,-5.25916210684,1.2286448384,1.88617928391,18.3861837965,21.1208347351,0.854628751637,0.198411777783,1e-300
11.45,5,-5.23064214679,1.19423619598,1.88653972469,18.3743121828,21.1208347351,0.853939939494,0.19842471361,1e-300
11.475,5,-5.20700061771,1.15630967626,1.88704577089,18.3711126167,21.1208347351,0.85443097982,0.198375679373,1e-300
11.5,5,-5.18866569932,1.11555217925,1.88760275939,18.3670266626,21.1208347351,0.853973083138,0.198415057546,1e-300
11.525,5,-5.17596946149,1.07270187774,1.88849420379,18.3661695956,21.1208347351,0.853739723066,0.198412554916,1e-300
11.55,5,-5.16914185009,1.02853484799,1.88930062814,18.3692965644,21.1208347351,0.853760261635,0.198427574179,1e-300
11.575,5,-5.16830652228,0.983851013971,1.89008489082,18.3670199212,21.1208347351,0.853718606086,0.198418861305,1e-300
11.6,5,-5.17347860697,0.939459659692,1.8909441913,18.3543676696,21.1208347351,0.853317593196,0.198376883295,1e-300
11.625,5,-5.18456443078,0.896164771944,1.89169125411,18.3377862009,21.1208347351,0.852559695511,0.198364792146,1e-300
11.65,5,-5.20136321463,0.854750479048,1.89224413534,18.3158972394,21.1208347351,0.85208525902,0.198260965691,1e-300
11.675,5,-5.22357071007,0.815966849238,1.8926700828,18.2972495014,21.1208347351,0.851365559278,0.198207812319,1e-300
11.7,5,-5.25078470965,0.780516305919,1.893239278,18.290720853,21.1208347351,0.851360548269,0.198169720922,1e-300
11.725,5,-5.28251233144,0.749040905844,1.89344641082,18.2843939539,21.1208347351,0.851141378223,0.198127274944,1e-300
11.75,5,-5.31817894579,0.722110710605,1.89338216337,18.2838973894,21.1208347351,0.851081819218,0.198116131813,1e-300
11.775,5,-5.35713858261,0.700213462054,1.89311325712,18.2933508868,21.1208347351,0.851987603321,0.19805590095,1e-300
11.8,5,-5.39868563076,0.683745748648,1.892812291,18.3034053959,21.1208347351,0.852511902462,0.198021479844,1e-300
11.825,5,-5.44206761764,0.673005822702,1.89239433346,18.3082697695,21.1208347351,0.852580734362,0.198011995352,1e-300
11.85,5,-5.48649883744,0.668188198639,1.89172504468,18.3154633161,21.1208347351,0.852746370095,0.198046623721,1e-300
11.875,5,-5.53117458135,0.669380130073,1.89086492651,18.3167226773,21.1208347351,0.852927858192,0.19802733668,1e-300
11.9,5,-5.5752857119,0.676560029532,1.8902233198,18.3139857522,21.1208347351,0.853115655992,0.198002947522,1e-300
11.925,5,-5.61803331752,0.689597859435,1.88970618863,18.3060191741,21.1208347351,0.852827601271,0.197988927617,1e-300
11.95,5,-5.6586431819,0.708257487244,1.88922751478,18.2948300166,21.1208347351,0.853119061478,0.19784796438,1e-300
11.975,5,-5.69637980608,0.732200962145,1.88895994938,18.2822581543,21.1208347351,0.85243229239,0.197835063225,1e-300
12,5,-5.73055972933,0.760994635783,1.88907421125,18.2821891045,21.1208347351,0.853145890774,0.197734856777,1e-300
12.025,5,-5.76056390752,0.79411701622,1.88947163468,18.2615030768,21.1208347351,0.85197726115,0.197733462084,1e-300
12.05,5,-5.78584892486,0.830968212847,1.89011038836,18.2546492581,21.1208347351,0.852035822872,0.197704821673,1e-300
12.075,5,-5.80595683587,0.870880801208,1.89081194553,18.2455781474,21.1208347351,0.851684013034,0.197693082024,1e-300
12.1,5,-5.82052345939,0.913131910947,1.89146353196,18.2312493939,21.1208347351,0.850877672719,0.197666783848,1e-300
12.125,5,-5.82928497438,0.956956317958,1.89229702389,18.2093132702,21.1208347351,0.849422190686,0.197670162395,1e-300
12.15,5,-5.83208269808,1.00156030362,1.89326635436,18.1943608998,21.1208347351,0.848232861441,0.19771511924,1e-300
12.175,5,-5.82886595999,1.04613603009,1.8939162248,18.1742645701,21.1208347351,0.847465683334,0.197652808107,1e-300
12.2,5,-5.81969301953,1.08987617136,1.89456708107,18.1536394814,21.1208347351,0.846477195095,0.197651348147,1e-300
12.225,5,-5.80473001091,1.13198853496,1.89513335558,18.1335238603,21.1208347351,0.845402509562,0.197647824189,1e-300
12.25,5,-5.78424793425,1.17171040967,1.89553247645,18.126447211,21.1208347351,0.845657672989,0.19756271141,1e-300
12.275,5,-5.75861774733,1.20832237921,1.89573183444,18.1264587093,21.1208347351,0.845730218479,0.197566039893,1e-300
12.3,5,-5.72830364713,1.24116135184,1.89558990574,18.1387136765,21.1208347351,0.846936450981,0.197506386977,1e-300
12.325,5,-5.69385466253,1.26963256986,1.89479059072,18.1391210238,21.1208347351,0.846777882154,0.197509931134,1e-300
12.35,5,-5.65589471074,1.29322038142,1.89367591384,18.1490469323,21.1208347351,0.847024182599,0.197547108154,1e-300
12.375,5,-5.61511129723,1.31149757971,1.89231143361,18.1582291667,21.1208347351,0.846901616183,0.197637755692,1e-300
12.4,5,-5.57224306417,1.32413314022,1.89078697843,18.1748264046,21.1208347351,0.847517659134,0.197673981262,1e-300
12.425,5,-5.52806641261,1.33089821607,1.88901836081,18.2006262204,21.1208347351,0.848455270263,0.197768096441,1e-300
12.45,5,-5.48338144077,1.33167028266,1.88711971742,18.2282563691,21.1208347351,0.849270192985,0.197897863895,1e-300
12.475,5,-5.43899745327,1.32643535686,1.88545961832,18.2479728858,21.1208347351,0.849579353764,0.198041151645,1e-300
12.5,5,-5.39571830347,1.31528825015,1.88419673301,18.2673126536,21.1208347351,0.850239137195,0.19815814198,1e-300
12.525,5,-5.35432783467,1.29843085156,1.88331226768,18.2880668225,21.1208347351,0.851420075364,0.198171130583,1e-300
12.55,5,-5.31557568361,1.27616847112,1.88268831904,18.3048537231,21.1208347351,0.851785337046,0.198219624681,1e-300
12.575,5,-5.28016370358,1.2489043103,1.88223927344,18.318753193,21.1208347351,0.85211979767,0.198284156395,1e-300
12.6,5,-5.24873325289,1.21713215954,1.88209243873,18.3243304645,21.1208347351,0.852369350989,0.198275415772,1e-300
12.625,5,-5.22185357903,1.18142745497,1.88229482052,18.327373697,21.1208347351,0.852626136634,0.198256614911,1e-300
12.65,5,-5.20001150887,1.14243685654,1.88267681974,18.3271119526,21.1208347351,0.852677782342,0.198255495119,1e-300
12.675,5,-5.18360263149,1.10086653615,1.88349348148,18.3248540406,21.1208347351,0.852168538278,0.198277136105,1e-300
12.7,5,-5.17292413362,1.05746938788,1.8846693562,18.3209600531,21.1208347351,0.851462322757,0.198324043516,1e-300
12.725,5,-5.16816941712,1.01303139213,1.8858024875,18.3276611844,21.1208347351,0.851802613597,0.198363538923,1e-300
12.75,5,-5.16942459629,0.968357380446,1.88680133077,18.3290764038,21.1208347351,0.851815818122,0.198384093177,1e-300
12.775,5,-5.17666693813,0.924256458921,1.88781906924,18.3307257897,21.1208347351,0.852048438681,0.198397239982,1e-300
12.8,5,-5.18976527416,0.881527354226,1.88876905793,18.3210273221,21.1208347351,0.851608864869,0.198399580208,1e-300
12.825,5,-5.20848237599,0.840943947595,1.88946813328,18.3073129456,21.1208347351,0.851771583882,0.198274364346,1e-300
12.85,5,-5.23247925188,0.803241258799,1.89017747047,18.2920688696,21.1208347351,0.850702602657,0.198304180351,1e-300
12.875,5,-5.26132128631,0.769102133957,1.89102345221,18.2965203653,21.1208347351,0.851508516201,0.198218524016,1e-300
12.9,5,-5.29448611145,0.739144878279,1.89131994611,18.2833056758,21.1208347351,0.850574133117,0.198218588334,1e-300
12.925,5,-5.33137306798,0.713912057731,1.89147539612,18.2875239451,21.1208347351,0.851187517485,0.198175063662,1e-300
12.95,5,-5.37131408378,0.69386067244,1.89137513975,18.2960478999,21.1208347351,0.851828594308,0.198137527154,1e-300
12.975,5,-5.41358577362,0.67935387981,1.89117837878,18.3033699781,21.1208347351,0.852207536314,0.198112196707,1e-300
13,5,-5.45742254068,0.670654417259,1.89077476928,18.305636267,21.1208347351,0.852064022515,0.198131489912,1e-300
13.025,5,-5.50203044247,0.667919843688,1.89015733835,18.3146902164,21.1208347351,0.852407456365,0.198164214408,1e-300
13.05,5,-5.54660157023,0.671199685881,1.88936963083,18.3152504852,21.1208347351,0.852828257032,0.198093320823,1e-300
13.075,5,-5.59032868123,0.68043454151,1.88886626787,18.31134177,21.1208347351,0.85290006172,0.198066293456,1e-300
13.1,5,-5.63241981901,0.695457154989,1.88848072741,18.3048715341,21.1208347351,0.852909417217,0.198014983759,1e-300
13.125,5,-5.67211265676,0.715995446696,1.88820437863,18.2964422166,21.1208347351,0.853060606116,0.197900279339,1e-300
13.15,5,-5.7086883041,0.741677440699,1.88819637546,18.2874174483,21.1208347351,0.852666566024,0.19788592808,1e-300
13.175,5,-5.74148432716,0.772038001739,1.88861003269,18.2858325298,21.1208347351,0.853060930847,0.197807038124,1e-300
13.2,5,-5.76990674608,0.80652725945,1.88926290541,18.2720037433,21.1208347351,0.852256784633,0.197816690302,1e-300
13.225,5,-5.79344079284,0.84452056725,1.89005378056,18.2669901142,21.1208347351,0.852488354998,0.197774043684,1e-300
13.25,5,-5.8116602344,0.885329815519,1.89075929085,18.2570021928,21.1208347351,0.851881387332,0.197767399498,1e-300
13.275,5,-5.82423509228,0.928215894192,1.89147215169,18.2371365659,21.1208347351,0.850947675607,0.197695134813,1e-300
13.3,5,-5.830937619,0.972402079028,1.89235958704,18.2089642898,21.1208347351,0.849057417179,0.197704616806,1e-300
13.325,5,-5.83164642284,1.01708809912,1.89310945371,18.1747962491,21.1208347351,0.847044286923,0.197696287836,1e-300
13.35,5,-5.8263486664,1.06146463089,1.89384588632,18.1407904903,21.1208347351,0.846166386653,0.197578534806,1e-300
13.375,5,-5.81514029915,1.10472795598,1.8947089333,18.1173065281,21.1208347351,0.847142219088,0.197366548506,1e-300
13.4,5,-5.7982243196,1.14609451773,1.89557721763,18.1018637199,21.1208347351,0.848126016906,0.197153664149,1e-300
13.425,5,-5.77590709877,1.18481511237,1.89628959469,18.1004806452,21.1208347351,0.848849948558,0.197065718474,1e-300
13.45,5,-5.74859283138,1.22018845815,1.89689198019,18.1085529449,21.1208347351,0.849442838091,0.197058664775,1e-300
13.475,5,-5.71677621533,1.25157389646,1.8970882869,18.114052079,21.1208347351,0.849818594301,0.197046829679,1e-300
13.5,5,-5.6810334921,1.27840299505,1.89679684086,18.1247818095,21.1208347351,0.849513946278,0.197146902111,1e-300
13.525,5,-5.64201201021,1.30018984305,1.89618492373,18.137251927,21.1208347351,0.847960582866,0.197374831017,1e-300
13.55,5,-5.60041850088,1.31653985151,1.89538070318,18.1584462347,21.1208347351,0.848483566867,0.197460762095,1e-300
13.575,5,-5.5570062782,1.32715689991,1.8943325952,18.1849427791,21.1208347351,0.848877253711,0.197570382859,1e-300
13.6,5,-5.51256159558,1.3318486993,1.89251173948,18.2201793742,21.1208347351,0.850215911871,0.197680908715,1e-300
13.625,5,-5.46788940567,1.33053027493,1.89037545154,18.244126667,21.1208347351,0.850569239611,0.197810853395,1e-300
13.65,5,-5.42379878156,1.32322550521,1.88846910943,18.26407255,21.1208347351,0.85093887716,0.197949876838,1e-300
13.675,5,-5.38108826343,1.31006668931,1.88668424826,18.2844836387,21.1208347351,0.851598490849,0.19805119703,1e-300
13.7,5,-5.34053139589,1.29129215097,1.88525510648,18.3054156652,21.1208347351,0.853016761142,0.198000686693,1e-300
13.725,5,-5.30286271804,1.26724192219,1.88399298723,18.3169097996,21.1208347351,0.852512218307,0.198128912235,1e-300
13.75,5,-5.26876446003,1.23835158478,1.88320340835,18.3354837368,21.1208347351,0.853242174308,0.198171570844,1e-300
13.775,5,-5.23885418691,1.2051443814,1.88271735769,18.3314071449,21.1208347351,0.85261102017,0.198212693118,1e-300
13.8,5,-5.21367361373,1.1682217389,1.88261325558,18.3388865285,21.1208347351,0.853142396934,0.198221554454,1e-300
13.825,5,-5.19367879435,1.12825237573,1.88272221064,18.3412140479,21.1208347351,0.852785211974,0.198300228982,1e-300
13.85,5,-5.17923186168,1.0859601905,1.88332400364,18.3435513902,21.1208347351,0.852484609518,0.198350396798,1e-300
13.875,5,-5.170594469,1.04211115126,1.8841213453,18.3457037015,21.1208347351,0.852085755176,0.198429832956,1e-300
13.9,5,-5.16792305105,0.997499422744,1.88500366725,18.3543994365,21.1208347351,0.852441776031,0.198484450352,1e-300
13.925,5,-5.17126599077,0.95293298303,1.88606230919,18.346882921,21.1208347351,0.852039627209,0.198474184907,1e-300
13.95,5,-5.18056274305,0.909218989942,1.88708901422,18.3324758162,21.1208347351,0.85133310404,0.19848472548,1e-300
13.975,5,-5.19564493129,0.867149162359,1.8879944266,18.3087354941,21.1208347351,0.850322596616,0.198449556183,1e-300
14,5,-5.21623939687,0.827485441124,1.8887320086,18.2889090183,21.1208347351,0.84998449318,0.1983464524,1e-300
14.025,5,-5.24197314648,0.790946189277,1.88959203538,18.2737509557,21.1208347351,0.849401656135,0.198331145805,1e-300
14.05,5,-5.27238010751,0.758193181537,1.89032935111,18.2708509433,21.1208347351,0.849938277776,0.198225033768,1e-300
14.075,5,-5.30690956921,0.729819618678,1.89062067111,18.2555827377,21.1208347351,0.849120262832,0.198195593291,1e-300
14.1,5,-5.34493615686,0.706339383873,1.89070370306,18.2554953317,21.1208347351,0.849625457619,0.198121273115,1e-300
14.125,5,-5.3857711581,0.688177735576,1.89053923821,18.2603201524,21.1208347351,0.849999117364,0.198080526622,1e-300
14.15,5,-5.42867499643,0.675663605528,1.89034290971,18.2629557721,21.1208347351,0.850216024052,0.198038935361,1e-300
14.175,5,-5.47287062598,0.669023641361,1.88985396377,18.2645848009,21.1208347351,0.850067947425,0.198067665655,1e-300
14.2,5,-5.51755760477,0.668378101706,1.88910166483,18.2641321765,21.1208347351,0.850111181665,0.198063355866,1e-300
14.225,5,-5.56192659185,0.673738678151,1.88840917485,18.2575442556,21.1208347351,0.850272301844,0.19800500751,1e-300
14.25,5,-5.60517400553,0.685008283486,1.88794410702,18.2461247784,21.1208347351,0.849988116049,0.197981497008,1e-300
14.275,5,-5.64651657732,0.701982810086,1.88752240566,18.2314163944,21.1208347351,0.849927905431,0.197864880942,1e-300
14.3,5,-5.68520553793,0.724354826572,1.88725979485,18.2163630237,21.1208347351,0.849594357581,0.197776134638,1e-300
14.325,5,-5.72054017855,0.751719145805,1.88739427403,18.2064642727,21.1208347351,0.849692526488,0.197687213513,1e-300
14.35,5,-5.75188054158,0.783580163366,1.8879223238,18.188877026,21.1208347351,0.849161017122,0.197607110645,1e-300
14.375,5,-5.77865901112,0.819360833614,1.88870404472,18.1753955607,21.1208347351,0.848746308101,0.197564301131,1e-300
14.4,5,-5.80039059329,0.858413120758,1.88959050246,18.164365286,21.1208347351,0.848571146731,0.197502249906,1e-300
14.425,5,-5.81668170007,0.900029735647,1.89036824503,18.1509394817,21.1208347351,0.850237551051,0.197252793639,1e-300
14.45,5,-5.82723727772,0.943456945727,1.89128997318,18.127171068,21.1208347351,0.850995403388,0.197009969414,1e-300
14.475,5,-5.83186615061,0.987908226143,1.89234865905,18.1028259838,21.1208347351,0.850332408683,0.196928236236,1e-300
14.5,5,-5.83048448366,1.03257850475,1.89307138758,18.0727231199,21.1208347351,0.850309596542,0.196725284996,1e-300
14.525,5,-5.82311730072,1.07665874307,1.89383718326,18.0463179268,21.1208347351,0.850723303802,0.196537883383,1e-300
14.55,5,-5.80989803131,1.11935058903,1.89456454388,18.0238825918,21.1208347351,0.850880889409,0.196392746089,1e-300
14.575,5,-5.79106609409,1.1598808362,1.89507630452,18.0149471247,21.1208347351,0.851047652279,0.196304558564,1e-300
14.6,5,-5.76696256063,1.19751542759,1.89537619588,18.0168906188,21.1208347351,0.850746480146,0.196365341686,1e-300
14.625,5,-5.73802397815,1.23157275043,1.8955282378,18.038773961,21.1208347351,0.851360661879,0.196458588491,1e-300
14.65,5,-5.70477446308,1.26143598104,1.8950000629,18.0429197037,21.1208347351,0.850210526706,0.196587564887,1e-300
14.675,5,-5.66781620862,1.28656425639,1.89406866387,18.0634892691,21.1208347351,0.849372164111,0.196804364663,1e-300
14.7,5,-5.62781857818,1.30650246979,1.89287496208,18.0846038842,21.1208347351,0.848155199397,0.197047590006,1e-300
14.725,5,-5.58550598233,1.32088951354,1.89157522739,18.1153814148,21.1208347351,0.848454115952,0.197199572124,1e-300
14.75,5,-5.54164475879,1.32946481903,1.88993100271,18.1465248935,21.1208347351,0.848194722515,0.197399996979,1e-300
14.775,5,-5.49702929297,1.33207307601,1.88784572219,18.1824987422,21.1208347351,0.847804216812,0.197664594734,1e-300
14.8,5,-5.45246763063,1.32866704547,1.88575563768,18.2040301005,21.1208347351,0.848293604502,0.197763923485,1e-300
14.825,5,-5.40876684307,1.31930841516,1.88410554868,18.2260522946,21.1208347351,0.848919094438,0.197887035858,1e-300
14.85,5,-5.36671841,1.3041666824,1.882735168,18.2466937332,21.1208347351,0.849796861766,0.197944793564,1e-300
14.875,5,-5.32708388477,1.28351608421,1.88171108247,18.263301211,21.1208347351,0.850549815225,0.197930721093,1e-300
14.9,5,-5.29058110166,1.25773063057,1.88098069551,18.2692051828,21.1208347351,0.850093868662,0.198036219645,1e-300
14.925,5,-5.25787117488,1.2272773305,1.88075677857,18.2780462203,21.1208347351,0.850582226959,0.198039890714,1e-300
14.95,5,-5.22954652495,1.19270773401,1.88077184905,18.271742314,21.1208347351,0.850240227076,0.198044637398,1e-300
14.975,5,-5.20612014917,1.15464794273,1.88099711124,18.2707470493,21.1208347351,0.850504808904,0.198031667713,1e-300
15,5,-5.18801633053,1.11378727037,1.8815059876,18.2675872756,21.1208347351,0.849838964204,0.198106090656,1e-300
