time,angle_deg,tsr,cp,cd,ct,cd_blade1,ct_blade1,cd_blade2,ct_blade2,cd_blade3,ct_blade3
0.00625,1.92915082536,4,0.27642636636,0.381582206025,0.0691065915899,124.681246667,23.0025897211,124.681246668,23.0025897214,124.681246668,23.0025897214
0.0135416666667,4.17982678827,4,0.441326839287,0.546989970751,0.110331709822,179.720653887,36.7209931467,179.630908212,36.7092480926,179.876209449,36.7436942374
0.02265625,6.99317174192,4,0.440905381043,0.547511771987,0.110226345261,179.879713309,36.6819806535,179.844764002,36.6782115305,180.037972,36.708529403
0.036328125,11.2131891724,4,0.440334176346,0.548036928829,0.110083544087,180.057035394,36.6324490194,180.055655139,36.6367889148,180.190511238,36.6568866843
0.05,15.4332066029,4,0.439612787868,0.548904218922,0.109903196967,180.349139672,36.5690579146,180.359664753,36.5799223508,180.485283558,36.5970551299
0.0666666666667,20.5776088038,4,0.439161151639,0.549696547548,0.10979028791,180.598636022,36.5265046354,180.649553077,36.5472407596,180.760987491,36.5595424029
0.0833333333333,25.7220110048,4,0.43858822894,0.550438665002,0.109647057235,180.820193626,36.4697804976,180.929859276,36.5055746902,181.028070259,36.5149067552
0.1,30.8664132057,4,0.438083806158,0.55098961443,0.109520951539,181.007160033,36.4287886943,181.130311024,36.4696141419,181.218947545,36.4659337425
0.116666666667,36.0108154067,4,0.437849730608,0.551415670228,0.109462432652,181.171363659,36.4041810868,181.282364401,36.453275944,181.356250288,36.4484443426
0.133333333333,41.1552176076,4,0.4377715276,0.551745588483,0.1094428819,181.307778428,36.4034034643,181.373492447,36.4439573837,181.485694829,36.4390177308
0.15,46.2996198086,4,0.437819578634,0.551951685945,0.109454894658,181.378156906,36.4079138767,181.437004177,36.4477390034,181.584651784,36.442721279
0.166666666667,51.4440220095,4,0.437940772126,0.552069268049,0.109485193031,181.432798237,36.4156261976,181.50028,36.4611872217,181.610888398,36.4518157861
0.183333333333,56.5884242105,4,0.438108949394,0.552132480352,0.109527237348,181.46533073,36.4322859659,181.551912094,36.4819863932,181.616341059,36.4563410399
0.2,61.7328264114,4,0.438281085047,0.552255380007,0.109570271262,181.51564676,36.4486110468,181.586115985,36.492027416,181.680806667,36.4729473111
0.216666666667,66.8772286124,4,0.438471108351,0.552421917601,0.109617777088,181.565340924,36.4669856468,181.653767775,36.5146969562,181.755741471,36.4793410636
0.233333333333,72.0216308133,4,0.43863142277,0.552662383962,0.109657855692,181.617045199,36.4743017088,181.755628992,36.5305665727,181.867999867,36.4961766773
0.25,77.1660330143,4,0.438767509609,0.55301804943,0.109691877402,181.745431243,36.4869939926,181.880646377,36.5430819599,181.99512474,36.5049420651
0.266666666667,82.3104352152,4,0.438869905347,0.553544095419,0.109717476337,181.966382187,36.5028004931,182.02627201,36.5518098762,182.178900843,36.5059699764
0.283333333333,87.4548374162,4,0.438849123345,0.554093804353,0.109712280836,182.157232713,36.5062287072,182.2049061,36.5472067278,182.383100555,36.5019568396
0.3,92.5992396171,4,0.438542225156,0.554613329402,0.109635556289,182.331693184,36.4853870255,182.409930949,36.5313030488,182.546882898,36.4620873692
0.325,100.315842919,4,0.438283722948,0.554732241546,0.109570930737,182.419673665,36.4860587678,182.472358804,36.5025601567,182.539439656,36.4256253815
0.35,108.03244622,4,0.436008296497,0.554602632732,0.109002074124,182.397013724,36.3021273465,182.477212583,36.320980138,182.46338161,36.2230936737
0.375,115.749049521,4,0.433483968691,0.554511824696,0.108370992173,182.407789994,36.1047441623,182.510060071,36.1216689959,182.3638103,35.9896084957
0.4,123.465652823,4,0.430514909947,0.553933747546,0.107628727487,182.267871439,35.8737781923,182.346976363,35.8683903602,182.123364819,35.7326498539
0.425,131.182256124,4,0.427760973562,0.553142390638,0.10694024339,182.053155288,35.6505430846,182.100960876,35.6351968588,181.826619946,35.501578899
0.45,138.898859426,4,0.425507548732,0.552175965779,0.106376887183,181.778065941,35.460176563,181.811295547,35.4538340715,181.457930659,35.3107576
0.475,146.615462727,4,0.423537817732,0.551009324421,0.105884454433,181.51032446,35.3240326517,181.394473251,35.2601462903,181.007892999,35.1488607211
0.5,154.332066029,4,0.421868053182,0.549970226945,0.105467013296,181.230748587,35.2164159442,180.967031036,35.0555521005,180.706357182,35.0442274219
0.525,162.04866933,4,0.420859258151,0.549354644995,0.105214814538,181.000893142,35.1417403574,180.837873962,34.9600036467,180.478501451,34.9626133488
0.55,169.765272631,4,0.420400904207,0.548952867463,0.105100226052,180.823960991,35.0850761629,180.798897518,34.9574887186,180.319900739,34.9073678472
0.575,177.481875933,4,0.420255168411,0.548705227461,0.105063792103,180.710524359,35.0477532629,180.702510301,34.9381762322,180.30802636,34.927621385
0.6,185.198479234,4,0.419472179796,0.548184317081,0.104868044949,180.566343686,34.99087118,180.573002761,34.8453888134,180.086128754,34.8818236513
0.625,192.915082536,4,0.418398657795,0.547664779609,0.104599664449,180.500685072,34.9426748963,180.490173303,34.7843784178,179.739440465,34.7230336146
0.65,200.631685837,4,0.417139637169,0.547100792289,0.104284909292,180.378564972,34.8847604724,180.251586288,34.7048721406,179.559790218,34.5461492588
0.675,208.348289138,4,0.416939192379,0.547136862347,0.104234798095,180.235056532,34.7933369212,179.974630907,34.6205465965,180.038177318,34.6718588158
0.7,216.06489244,4,0.416327650953,0.546804794139,0.104081912738,179.981399889,34.6329914721,179.6438124,34.4832501541,180.311978573,34.816833977
0.725,223.781495741,4,0.41486147472,0.546124319093,0.10371536868,179.791691694,34.5210902575,179.41359685,34.3528804809,180.072415433,34.6930849643
0.75,231.498099043,4,0.41288317203,0.545075346839,0.103220793007,179.530142768,34.3916411676,179.118529214,34.2173717885,179.600874988,34.4641743173
0.775,239.214702344,4,0.41147177455,0.544341399751,0.102867943637,179.366088922,34.3042992613,178.826969658,34.0968319016,179.342181699,34.3197113152
0.8,246.931305646,4,0.410182113964,0.543594043501,0.102545528491,179.292792422,34.2505884964,178.480519635,33.9819066321,179.033607717,34.1663932568
0.825,254.647908947,4,0.409694223355,0.543215222715,0.102423555839,179.362636624,34.2822700512,178.274412805,33.9406981545,178.808894952,34.0541219483
0.85,262.364512248,4,0.408677570663,0.542297026953,0.102169392666,178.934375117,34.1722978203,178.069752453,33.9312482941,178.541457746,33.9197443198
0.875,270.08111555,4,0.406411974867,0.540931625217,0.101602993717,177.811466333,33.6506612982,177.896502023,33.9071936395,178.489480901,33.899846498
0.9,277.797718851,4,0.403727127451,0.539450568725,0.100931781863,176.689860145,33.1119606922,177.714107614,33.8273722098,178.328731805,33.8481165126
0.925,285.514322153,4,0.403338388477,0.539172058203,0.100834597119,176.806888064,33.1739783505,177.489122752,33.7304350657,178.171785154,33.785990229
0.95,293.230925454,4,0.403432846141,0.539112713126,0.100858211535,177.281827721,33.3894863916,177.169075912,33.6092693624,177.970119165,33.7152285386
0.975,300.947528756,4,0.403076946192,0.538880938707,0.100769236548,177.589267672,33.4722552291,176.833825514,33.505462242,177.778321487,33.6474190687
1,308.664132057,4,0.401268798668,0.537760320078,0.100317199667,177.530729337,33.4387474189,176.050080504,33.1866247406,177.512765896,33.5483739121
1.025,316.380735358,4,0.4000146251,0.537034492666,0.100003656275,177.520445759,33.4932057262,175.443065189,32.8575531061,177.415775741,33.5098922141
1.05,324.09733866,4,0.400457940944,0.537393785319,0.100114485236,177.309351588,33.4794716744,176.082172743,33.0137541304,177.356555657,33.4780957173
1.075,331.813941961,4,0.402502134595,0.538576295111,0.100625533649,177.222141119,33.4633568173,177.443053461,33.5885170796,177.273387493,33.4297652386
1.1,339.530545263,4,0.403265680042,0.538957448463,0.10081642001,177.067798852,33.399330678,178.103485758,33.8965671431,177.157129839,33.3763547088
1.125,347.247148564,4,0.402718665951,0.538728592629,0.100679666488,176.95532255,33.3475041068,177.89828293,33.7658762212,177.25496428,33.4223142367
1.15,354.963751866,4,0.402066935722,0.538395582248,0.10051673393,176.844346412,33.3147308006,177.631316169,33.6073106208,177.308566841,33.4509535795
1.175,362.680355167,4,0.401487483904,0.538034590421,0.100371870976,176.645238259,33.2726262922,177.240964379,33.4316613396,177.545326648,33.5240515688
1.2,370.396958468,4,0.400755049792,0.537492203501,0.100188762448,176.434796024,33.2421504056,176.902373949,33.2697529244,177.560143678,33.5335891877
1.225,378.11356177,4,0.399883362201,0.536842476784,0.0999708405501,176.306682382,33.2466045676,176.607023003,33.1355360235,177.341837771,33.445741657
1.25,385.830165071,4,0.397600489014,0.535345525894,0.0994001222534,176.153435323,33.2314214264,176.337767282,33.0263145325,176.276104561,33.0002441197
1.275,393.546768373,4,0.394921617024,0.533671037077,0.0987304042561,175.82102666,33.1508968159,176.185818875,32.9581699256,175.094198997,32.4801530365
1.3,401.263371674,4,0.393422236614,0.532656051944,0.0983555591535,175.480188548,33.0289062151,176.02937709,32.9126257646,174.583014253,32.2733787243
1.325,408.979974976,4,0.392998544665,0.532304620947,0.0982496361662,175.037954051,32.8453365715,175.824991853,32.8566947584,174.883141796,32.4071078566
1.35,416.696578277,4,0.392615675489,0.532062636427,0.0981539188723,174.681400385,32.6745331318,175.689452586,32.8204358103,175.13759755,32.5185898262
1.375,424.413181578,4,0.39221479367,0.53180679141,0.0980536984175,174.441323334,32.5211066442,175.523844012,32.7766170615,175.291423673,32.6157579231
1.4,432.12978488,4,0.392333877845,0.531878354739,0.0980834694613,174.320419599,32.4276323272,175.470687015,32.7747936859,175.54031729,32.7407840869
1.425,439.846388181,4,0.392373641535,0.531942092587,0.0980934103838,174.314997711,32.3928300537,175.468106901,32.7774623379,175.615247891,32.7828444153
1.45,447.562991483,4,0.393787666854,0.532916408156,0.0984469167136,175.104379837,32.6909076388,175.489059749,32.7799472189,175.781071515,32.835282765
1.475,455.279594784,4,0.394744336704,0.533508597024,0.098686084176,175.764766334,32.9661759254,175.401372408,32.7563468307,175.802999514,32.8224403196
1.5,462.996198086,4,0.395322044887,0.533946891722,0.0988305112218,176.077158031,33.0628252923,175.602152231,32.8256135229,175.730576079,32.8007447756
1.525,470.712801387,4,0.394625348501,0.533556467557,0.0986563371253,175.941396319,32.9746039181,175.55044735,32.7920359905,175.531125513,32.7486186545
1.55,478.429404688,4,0.39431128522,0.533434542578,0.0985778213051,175.818471435,32.8775385601,175.720369841,32.8368708664,175.36515726,32.7224455941
1.575,486.14600799,4,0.39331134465,0.532767955767,0.0983278361624,175.469466332,32.7144352578,175.663043924,32.7963112411,175.108621734,32.6764808577
1.6,493.862611291,4,0.392842681717,0.532452821199,0.0982106704294,175.452653978,32.6854603757,175.53270215,32.7253721926,174.943741969,32.6593966024
1.625,501.579214593,4,0.391576762374,0.531594445764,0.0978941905935,175.139268759,32.5581696575,175.193237705,32.5747135234,174.742050814,32.62131872
1.65,509.295817894,4,0.390630679337,0.531032725093,0.0976576698343,175.187132897,32.5666594998,174.712142872,32.3445457333,174.616688438,32.6068141334
1.675,517.012421195,4,0.389489781327,0.53025585772,0.0973724453317,175.114712112,32.5485671532,174.340691863,32.1736849531,174.286875204,32.5109506286
1.7,524.729024497,4,0.389532766971,0.530204798249,0.0973831917428,175.044558005,32.5499254432,174.324469022,32.1713324017,174.324076761,32.5226759336
1.725,532.445627798,4,0.388867856332,0.529782304871,0.0972169640831,174.893024683,32.513506963,174.393448326,32.1924380206,173.986418743,32.3719988408
1.75,540.1622311,4,0.388926818084,0.529856789075,0.0972317045209,174.810103944,32.5012863279,174.5035847,32.2447325781,174.035029761,32.3466442774
1.775,547.878834401,4,0.388786694551,0.529764447995,0.0971966736379,174.728119207,32.4970982749,174.534434986,32.2605934683,173.995532292,32.2999906513
1.8,555.595437703,4,0.389133735887,0.53000982228,0.0972834339719,174.679682024,32.4947232317,174.832514712,32.3648197368,173.992204213,32.2847756927
1.825,563.312041004,4,0.388760563494,0.529835694592,0.0971901408736,174.585372358,32.4645880958,174.702577279,32.3038999752,174.043976833,32.2826709011
1.85,571.028644305,4,0.389192046092,0.530170911669,0.0972980115229,174.543387309,32.4508614468,174.80070139,32.3241857873,174.324013757,32.3838281324
1.875,578.745247607,4,0.389217522205,0.530212871866,0.0973043805512,174.432454798,32.4038513669,174.705310951,32.3005330397,174.573800208,32.4608508803
1.9,586.461850908,4,0.389177018474,0.530235737626,0.0972942546185,174.528746779,32.4233755272,174.584505586,32.2916732052,174.622665218,32.4400751019
1.925,594.17845421,4,0.388593155236,0.529907999042,0.0971482888091,174.423393086,32.3501977713,174.367838423,32.2618266242,174.618903635,32.3973423607
1.95,601.895057511,4,0.388258980438,0.52969545362,0.0970647451096,174.495352868,32.3397042701,174.142401776,32.2379574871,174.561551636,32.348280767
1.975,609.611660813,4,0.387904814932,0.529416146047,0.096976203733,174.476886203,32.3123462374,173.969040514,32.2309986377,174.475880181,32.2941828867
2,617.328264114,4,0.387792445056,0.529292966581,0.0969481112639,174.430393873,32.2790194464,173.849562603,32.2294957228,174.520511796,32.3009602957
2.025,625.044867415,4,0.387252570107,0.52887516335,0.0968131425268,174.240237692,32.1919345322,173.709702991,32.2164878035,174.435437341,32.2662773973
2.05,632.761470717,4,0.386869827715,0.528600879604,0.0967174569287,174.028086117,32.0807878978,173.587518907,32.2138237679,174.498053472,32.2845392996
2.075,640.478074018,4,0.386520441271,0.528350595917,0.0966301103177,173.90197175,31.9988762256,173.479688643,32.1893527104,174.484332763,32.3037003239
2.1,648.19467732,4,0.386305158296,0.528229944454,0.0965762895741,173.929631094,31.9712378967,173.429940951,32.1652554634,174.38811972,32.3016921199
2.125,655.911280621,4,0.386067058907,0.528103973659,0.0965167647268,173.96762743,31.9604184388,173.382028474,32.1281951386,174.274152442,32.2901321758
2.15,663.627883923,4,0.385963221884,0.528061255606,0.0964908054709,174.016601754,31.9790206156,173.406825932,32.1010171976,174.159578929,32.2727858059
2.175,671.344487224,4,0.38599294742,0.528135926602,0.096498236855,174.113413479,32.0020629602,173.451680082,32.0953657156,174.09428525,32.2628157005
2.2,679.061090525,4,0.385854143292,0.528102296378,0.0964635358231,174.117685658,31.9967666553,173.504705741,32.0940320915,174.005292586,32.23479422
2.225,686.777693827,4,0.385797489422,0.528119956193,0.0964493723555,174.070381441,31.9803367984,173.662029657,32.1319948154,173.914969532,32.1991181392
2.25,694.494297128,4,0.385669627346,0.528058311057,0.0964174068365,174.022237214,31.9666501232,173.791509054,32.1596069537,173.774380625,32.1532728679
2.275,702.21090043,4,0.38568736785,0.528086721791,0.0964218419624,173.909424975,31.9676405509,173.914048237,32.1667817477,173.795468362,32.1495364298
2.3,709.927503731,4,0.385186214639,0.52775741102,0.0962965536596,173.741838504,31.9629656102,173.87224765,32.1079753125,173.678565311,32.0879086652
2.325,717.644107033,4,0.385028036419,0.527656026367,0.0962570091048,173.56061143,31.9658979602,173.865894649,32.061589162,173.767455405,32.0918744596
2.35,725.360710334,4,0.384660300154,0.527335718909,0.0961650750384,173.30074795,31.9445402382,173.768886361,32.005516668,173.806940748,32.0775020749
2.375,733.077313635,4,0.384810984341,0.527357808257,0.0962027460852,173.156327762,31.950276184,173.926005104,32.0477532136,173.818664252,32.0671467607
2.4,740.793916937,4,0.384228586846,0.526924833223,0.0960571467116,172.959571746,31.9231103125,173.814240329,31.9936836864,173.697108059,32.0029909929
2.425,748.510520238,4,0.384018419772,0.526802677002,0.0960046049431,172.886699244,31.9314609373,173.891151409,32.0222056772,173.573231245,31.9136517435
2.45,756.22712354,4,0.383533744349,0.52645122808,0.0958834360871,172.706288931,31.8932810225,173.859766597,32.0285867376,173.436071143,31.8244550134
2.475,763.943726841,4,0.383691815726,0.526531997433,0.0959229539315,172.817431923,31.9437734138,173.837430404,32.0560045575,173.429587013,31.7860061361
2.5,771.660330143,4,0.383127522557,0.52623689175,0.0957818806392,172.631887346,31.8610477459,173.686202487,32.0331605766,173.473152292,31.7507042274
2.525,779.376933444,4,0.383253429007,0.526437363761,0.0958133572518,172.783175597,31.8887566695,173.624686125,32.0388263377,173.584689325,31.7487611438
2.55,787.093536745,4,0.382947017564,0.526287663361,0.095736754391,172.815756277,31.875932099,173.507326893,32.0212047807,173.521076087,31.7027139526
2.575,794.810140047,4,0.383168583234,0.526465525609,0.0957921458085,172.877236796,31.8759146894,173.441509806,32.0080102651,173.704248301,31.7712380854
2.6,802.526743348,4,0.382628453808,0.526172140398,0.0956571134521,172.88883239,31.8533326959,173.304372613,31.9570208112,173.538317934,31.7099702728
2.625,810.24334665,4,0.382648122018,0.526237460847,0.0956620305044,173.048851576,31.8851519252,173.212069837,31.9166163214,173.537571208,31.7234655542
2.65,817.959949951,4,0.382382404809,0.526085700788,0.0955956012023,173.179411228,31.9017716271,173.037821905,31.8406063939,173.431778039,31.7165214716
2.675,825.676553252,4,0.382382226251,0.526108679507,0.0955955565627,173.203974365,31.8625627843,173.152633284,31.8671112306,173.317689593,31.7291809018
2.7,833.393156554,4,0.381697478692,0.525667421519,0.0954243696731,173.17364827,31.8026597526,172.975059881,31.7727382831,173.087682722,31.7125147887
2.725,841.109759855,4,0.381640629019,0.525582229532,0.0954101572548,173.175391132,31.7696965454,173.118027266,31.7965651604,172.86085308,31.7074590241
2.75,848.826363157,4,0.381397252015,0.525327313031,0.0953493130038,173.168534073,31.736857338,173.113737438,31.7805131193,172.62061883,31.6955930289
2.775,856.542966458,4,0.381401456958,0.525244238934,0.0953503642394,173.2923701,31.7731358353,173.110530133,31.7651277596,172.420309296,31.6757496237
2.8,864.25956976,4,0.380898427101,0.524888053392,0.0952246067754,173.217532782,31.7364398008,173.006395417,31.6974121491,172.246988031,31.6545836377
2.825,871.976173061,4,0.380701633592,0.524779159514,0.0951754083979,173.307569024,31.7712261606,172.950422546,31.6292297278,172.107645842,31.6388516755
2.85,879.692776362,4,0.380513134427,0.524669888316,0.0951282836067,173.271403214,31.7893643487,172.94924674,31.5860178445,172.039327391,31.6168679679
2.875,887.409379664,4,0.380565722722,0.524738095241,0.0951414306804,173.194948325,31.8001113326,173.014253582,31.5682114861,172.122239022,31.6370556159
2.9,895.125982965,4,0.380234474206,0.524597584315,0.0950586185516,173.052680018,31.7811971022,173.055395122,31.5359509309,172.086245316,31.605536694
2.925,902.842586267,4,0.380048653833,0.524552025845,0.0950121634582,172.922843827,31.7634471254,173.034151116,31.4992692448,172.194818509,31.6135796943
2.95,910.559189568,4,0.379907728014,0.524536454628,0.0949769320035,172.842351195,31.7520943076,173.066977302,31.4775326203,172.229731018,31.6114880629
2.975,918.27579287,4,0.379764747418,0.5244982766,0.0949411868546,172.722834487,31.7132404245,173.102008425,31.4832507409,172.278725054,31.608929792
3,925.992396171,4,0.379527143862,0.52437511352,0.0948817859656,172.607035256,31.6617681574,173.025745072,31.4729964866,172.350485077,31.6113403676
3.025,933.708999472,4,0.379331814618,0.524264810016,0.0948329536545,172.452757012,31.604658487,172.97055438,31.4715780742,172.452468951,31.6211059695
3.05,941.425602774,4,0.37921291077,0.524239216186,0.0948032276926,172.427901555,31.575789346,172.868976094,31.4811758464,172.555998434,31.6106938846
3.075,949.142206075,4,0.378769539346,0.523987786823,0.0946923848366,172.374643294,31.5294894217,172.715235504,31.48577878,172.514541386,31.5417065245
3.1,956.858809377,4,0.378472936179,0.523800780104,0.0946182340448,172.389887014,31.5076452329,172.482840104,31.4758288552,172.547558334,31.4994558821
3.125,964.575412678,4,0.37835084209,0.523656091213,0.0945877105225,172.500396463,31.5159390864,172.216128826,31.4567101433,172.561909039,31.4798008668
3.15,972.29201598,4,0.378405204414,0.523621411629,0.0946013011035,172.529223698,31.5132537532,172.027268949,31.4452626878,172.689932101,31.5075048019
3.175,980.008619281,4,0.378063223682,0.523343948893,0.0945158059204,172.493624355,31.4851203324,171.81693913,31.4100637298,172.66142952,31.4854642557
3.2,987.725222582,4,0.377835469266,0.523198595107,0.0944588673165,172.430917488,31.4265248238,171.713540514,31.399717894,172.684978847,31.4975484184
3.225,995.441825884,4,0.377526005083,0.522982535609,0.0943815012707,172.37088431,31.3659457366,171.526480357,31.3561015537,172.718883152,31.5244884336
3.25,1003.15842919,4,0.37761880243,0.523079036888,0.0944047006076,172.416191932,31.3365035113,171.603914487,31.3840489854,172.694983796,31.549149389
3.275,1010.87503249,4,0.377195321524,0.522888011466,0.0942988303811,172.43669735,31.2926298905,171.529751242,31.3375633498,172.560301575,31.5337898133
3.3,1018.59163579,4,0.377082412028,0.522891876021,0.094270603007,172.478115919,31.2627959918,171.611122721,31.3486823645,172.443689451,31.5243176885
3.325,1026.30823909,4,0.376757613428,0.522710009771,0.0941894033569,172.383454442,31.2021260694,171.650447621,31.341834183,172.319715102,31.5107522577
3.35,1034.02484239,4,0.376912907052,0.522846097404,0.0942282267631,172.527731822,31.2515956451,171.725521949,31.3522659408,172.238538007,31.4896188129
3.375,1041.74144569,4,0.376374608236,0.522526522012,0.094093652059,172.363432693,31.1958538269,171.744841839,31.3392498516,172.066738422,31.423994458
3.4,1049.45804899,4,0.376346212719,0.522521401368,0.0940865531796,172.329681303,31.2022848986,171.868426153,31.3662614482,171.974163652,31.3834630619
3.425,1057.1746523,4,0.376080772425,0.522369798134,0.0940201931063,172.25038538,31.2028087744,171.980266628,31.3760192104,171.792685898,31.3069162454
3.45,1064.8912556,4,0.376146971856,0.522425276432,0.0940367429639,172.17425495,31.2237798198,172.016503111,31.3412545383,171.890456462,31.3372360633
3.475,1072.6078589,4,0.37541824721,0.521996003041,0.0938545618025,171.978939835,31.2073232094,171.973733855,31.2789291729,171.702410356,31.2340973969
3.5,1080.3244622,4,0.375342832363,0.521944272283,0.0938357080907,171.757977693,31.1979420833,172.031601629,31.2611543807,171.816331399,31.2424265642
3.525,1088.0410655,4,0.375215331479,0.521813123784,0.0938038328697,171.562463864,31.1926240193,172.030631337,31.2312530006,171.884346978,31.2458163688
3.55,1095.7576688,4,0.375388059914,0.521882123043,0.0938470149784,171.408380801,31.172477799,172.203063255,31.2886336563,171.937345535,31.2517022917
3.575,1103.4742721,4,0.374851901872,0.521539930676,0.0937129754679,171.251324357,31.1422034473,172.09299316,31.2335332519,171.865160834,31.2032292138
3.6,1111.19087541,4,0.37468782394,0.52145211453,0.093671955985,171.16134761,31.1397412856,172.194252273,31.2708532666,171.768431084,31.1274105357
3.625,1118.90747871,4,0.374440030289,0.521285667137,0.0936100075722,171.034752873,31.1034607104,172.164577915,31.2896810478,171.760598541,31.0830035032
3.65,1126.62408201,4,0.374483992294,0.521330023265,0.0936209980735,171.085359837,31.126043494,172.107208305,31.3062409696,171.813580072,31.0548355826
3.675,1134.34068531,4,0.374020708609,0.521078528407,0.0935051771523,170.996906358,31.0795534567,171.961274567,31.2874103201,171.798622715,31.0045009721
3.7,1142.05728861,4,0.373954377911,0.521066584251,0.0934885944778,171.098193769,31.0929857546,171.832072289,31.276777855,171.816258739,30.9851421781
3.725,1149.77389191,4,0.373866496857,0.521007258677,0.0934666242143,171.138307912,31.1007216029,171.756072247,31.2732107883,171.794481212,30.9590345505
3.75,1157.49049521,4,0.373831070612,0.521004536411,0.093457767653,171.203917256,31.1137783274,171.634795783,31.2296348331,171.848945977,30.9807098848
3.775,1165.20709852,4,0.373527725871,0.520820913954,0.0933819314678,171.272246699,31.1252857543,171.499856653,31.1734869848,171.733698344,30.9496225667
3.8,1172.92370182,4,0.373369807675,0.520723104426,0.0933424519188,171.375168693,31.1432915142,171.376377279,31.1318267513,171.658087665,30.9338539471
3.825,1180.64030512,4,0.373346967535,0.520766445141,0.0933367418837,171.498427679,31.1474830611,171.325860611,31.098225551,171.630156685,30.9575617307
3.85,1188.35690842,4,0.373115396433,0.520652744639,0.0932788491082,171.511801254,31.1072300724,171.301553074,31.0688386472,171.529105761,30.9693916344
3.875,1196.07351172,4,0.372747724483,0.520443572514,0.0931869311209,171.525101794,31.0633622657,171.270339308,31.0273019998,171.3397076,30.9630095438
3.9,1203.79011502,4,0.372655957092,0.520385633657,0.093163989273,171.568027037,31.0460059813,171.362138596,31.0224384841,171.148687189,30.9623203029
3.925,1211.50671832,4,0.372833296586,0.520497792667,0.0932083241466,171.696021467,31.0642224707,171.467107006,31.0433783451,171.029260993,30.9674354273
3.95,1219.22332163,4,0.372675171903,0.520382730152,0.0931687929758,171.727100703,31.0617871982,171.479785173,31.0350027689,170.872097956,30.9387716347
3.975,1226.93992493,4,0.372435262963,0.520218867467,0.0931088157406,171.751667773,31.0715425711,171.382073291,30.9714653167,170.782995957,30.9326622463
4,1234.65652823,4,0.372233807464,0.52004397817,0.093058451866,171.785648607,31.0971799325,171.289563657,30.898954597,170.668136605,30.9292437503
4.025,1242.37313153,4,0.372312927122,0.52009475924,0.0930782317805,171.785360408,31.1333733698,171.328444982,30.8636120126,170.681351679,30.9481445266
4.05,1250.08973483,4,0.372101393418,0.520003988934,0.0930253483544,171.677461149,31.1325882769,171.41000732,30.8405377076,170.618031145,30.9191961218
4.075,1257.80633813,4,0.372121958451,0.520044096262,0.0930304896127,171.571621751,31.13133608,171.521228002,30.8423597179,170.653552609,30.9237602147
4.1,1265.52294143,4,0.372180944174,0.520077830624,0.0930452360436,171.448385105,31.1215759636,171.593503118,30.8497117156,170.738961683,30.9408936768
4.125,1273.23954474,4,0.372395011554,0.520236868801,0.0930987528886,171.388927996,31.1084406496,171.732814052,30.8913545522,170.818565802,30.9658264702
4.15,1280.95614804,4,0.371958132881,0.51998445038,0.0929895332204,171.242403871,31.0516400109,171.603531288,30.8418694198,170.842911782,30.9630487572
4.175,1288.67275134,4,0.372005293363,0.520044580168,0.0930013233408,171.207936473,31.0322197192,171.565793526,30.8416472311,170.975687916,30.9944644982
4.2,1296.38935464,4,0.371798212055,0.519914348978,0.0929495530136,171.068038338,30.9775486456,171.439792864,30.8248916087,171.112072919,31.0141948985
4.225,1304.10595794,4,0.37197685389,0.520053725315,0.0929942134726,171.176687678,31.0080485372,171.355419353,30.8424874371,171.227452528,31.0106957731
4.25,1311.82256124,4,0.371394074905,0.519731838407,0.0928485187262,171.036403374,30.9205141818,171.179415854,30.8332155753,171.22280932,30.9620155874
4.275,1319.53916454,4,0.371405631284,0.519763980837,0.0928514078209,171.144719618,30.9254883529,171.009830207,30.8452120931,171.316587714,30.9479298618
4.3,1327.25576785,4,0.371349000653,0.519696547716,0.0928372501633,171.229127972,30.9336658166,170.835867599,30.8540084865,171.339222787,30.9168185924
4.325,1334.97237115,4,0.371736077137,0.519915118458,0.0929340192843,171.3019879,30.947609037,170.707259578,30.8494296434,171.613575731,31.0040849563
4.35,1342.68897445,4,0.371341419841,0.519648441929,0.0928353549603,171.324245818,30.926960651,170.547085807,30.8280937001,171.485464693,30.9475460517
4.375,1350.40557775,4,0.371534051749,0.519749393013,0.0928835129372,171.289136863,30.8768920259,170.537931744,30.8657561534,171.630675791,31.0080413344
4.4,1358.12218105,4,0.371535530354,0.519683479065,0.0928838825886,171.31090422,30.8459432021,170.429787047,30.8575334893,171.6512859,31.0475819451
4.425,1365.83878435,4,0.371795145053,0.519838633764,0.0929487862631,171.361794787,30.8146343549,170.551903048,30.9195860181,171.633142202,31.0816491258
4.45,1373.55538765,4,0.371537624155,0.519720337541,0.0928844060387,171.442030569,30.7990701988,170.468513066,30.878941869,171.51799106,31.0735692703
4.475,1381.27199096,4,0.371795446146,0.519908235085,0.0929488615366,171.608256055,30.8371849121,170.594835841,30.9075085466,171.412764819,31.0712512059
4.5,1388.98859426,4,0.371854975229,0.519939453127,0.0929637438074,171.641896372,30.8328454829,170.644358255,30.9191397364,171.360403771,31.0788204344
4.525,1396.70519756,4,0.371990941383,0.520068954497,0.0929977353456,171.789655007,30.8817926092,170.720235044,30.9365008932,171.265638829,31.0464550817
4.55,1404.42180086,4,0.371658976944,0.519866552986,0.0929147442361,171.63747713,30.8388748512,170.792522717,30.9441989299,171.142936632,30.9988023708
4.575,1412.13840416,4,0.371677505638,0.519865291214,0.0929193764096,171.542352751,30.8276777109,170.935180178,30.9723872645,171.093616209,30.9864367259
4.6,1419.85500746,4,0.371755545147,0.519934893135,0.0929388862867,171.45858781,30.844172371,171.122195655,30.9995808127,171.059347049,30.9622304957
4.625,1427.57161076,4,0.371764366813,0.519966754085,0.0929410917031,171.361019166,30.8680719825,171.190164013,30.9753334138,171.120257522,30.9647805457
4.65,1435.28821407,4,0.371471412698,0.519805148103,0.0928678531746,171.196959763,30.8782540351,171.201312302,30.9264658117,171.111300638,30.9303322977
4.675,1443.00481737,4,0.371494563732,0.51980154192,0.092873640933,170.976154187,30.8794649243,171.302948558,30.9198454456,171.226369614,30.9415212566
4.7,1450.72142067,4,0.371692542445,0.519887894692,0.0929231356113,170.812233377,30.8822433286,171.436754075,30.9362204804,171.342215091,30.9717917184
4.725,1458.43802397,4,0.371766441958,0.519884813293,0.0929416104894,170.654998323,30.867273822,171.556086231,30.9686152287,171.376517552,30.9728149356
4.75,1466.15462727,4,0.37181069347,0.519869921768,0.0929526733675,170.55366443,30.8721708577,171.635345326,31.0033161264,171.3831287,30.9442640605
4.775,1473.87123057,4,0.371938551477,0.519856445362,0.0929846378693,170.484967498,30.9005686259,171.712470222,31.0498154827,171.360559544,30.9012857285
4.8,1481.58783387,4,0.372181432099,0.519976396624,0.0930453580246,170.520418731,30.9336945303,171.75610393,31.1041793026,171.400458799,30.8744293298
4.825,1489.30443718,4,0.372177176582,0.519994590774,0.0930442941454,170.56153509,30.9467902146,171.693563557,31.1217007211,171.439164517,30.8427498691
4.85,1497.02104048,4,0.372253867312,0.520075965388,0.0930634668281,170.638691721,30.9656667989,171.583541026,31.1187974848,171.552284792,30.8459217869
4.875,1504.73764378,4,0.372416579859,0.520202512257,0.0931041449647,170.736435995,30.9773805569,171.474725069,31.1147716012,171.68864692,30.8788538793
4.9,1512.45424708,4,0.372644196449,0.520369558047,0.0931610491123,170.82159296,30.9968711224,171.430954951,31.1137967705,171.812953487,30.9171609192
4.925,1520.17085038,4,0.372451190232,0.520280154904,0.093112797558,170.883464919,30.9985032866,171.312589553,31.0735592995,171.779055987,30.9075836714
4.95,1527.88745368,4,0.372579134126,0.520375113243,0.0931447835316,171.018985092,31.0238036287,171.287714123,31.0621614533,171.762116134,30.9256214091
4.975,1535.60405698,4,0.372597049636,0.520377933555,0.0931492624091,171.180442229,31.0496458313,171.181879361,31.0286475328,171.708250818,30.9377655998
5,1543.32066029,4,0.372967749005,0.520639175953,0.0932419372513,171.34498095,31.059400291,171.296819615,31.0654750462,171.688646459,30.9837259438
5.025,1551.03726359,4,0.372604543912,0.520465931093,0.093151135978,171.361858612,31.0100285973,171.22389169,31.0088958844,171.570841352,30.9990053719
5.05,1558.75386689,4,0.372681114071,0.520526621296,0.0931702785177,171.451293682,30.9898960832,171.359330451,31.0319585283,171.405740456,31.0151904078
5.075,1566.47047019,4,0.372670052332,0.520477411841,0.093167513083,171.509893893,30.970244809,171.482779307,31.0579638828,171.173768911,31.0060748476
5.1,1574.18707349,4,0.37314418372,0.520722524103,0.09328604593,171.824375701,31.0693251647,171.553859916,31.0776914288,171.032215172,31.0056302908
5.125,1581.90367679,4,0.372792002428,0.5204280791,0.0931980006071,171.764926898,31.0413456794,171.515824415,31.0452523692,170.834924214,30.9781294177
5.15,1589.62028009,4,0.37304157958,0.520546221524,0.093260394895,171.927754296,31.1117543397,171.503283597,31.0050326748,170.801779756,31.0102455158
5.175,1597.3368834,4,0.373096784576,0.520483180334,0.0932741961441,171.956253209,31.1555282417,171.522622487,30.9812654401,170.690142627,31.0040203617
5.2,1605.0534867,4,0.373493303875,0.520712945253,0.0933733259688,171.937999413,31.1928128517,171.570130602,30.9579841967,170.889366315,31.0890050642
5.225,1612.77009,4,0.373146160888,0.520546769681,0.0932865402219,171.816223262,31.1844564805,171.592079629,30.9247969185,170.822257799,31.0438870704
5.25,1620.4866933,4,0.373400630576,0.520759689619,0.0933501576439,171.693806023,31.1782044663,171.756289465,30.958208223,170.992027724,31.0802542292
5.275,1628.2032966,4,0.373477470728,0.520807907257,0.0933693676819,171.618337677,31.187704596,171.830393468,30.9685721149,171.040410282,31.0795727752
5.3,1635.9198999,4,0.373828008449,0.521081127371,0.0934570021121,171.547532606,31.1717851929,172.077489215,31.0578977994,171.135786144,31.0936756068
5.325,1643.6365032,4,0.373559734714,0.520931092429,0.0933899336784,171.443989433,31.1384009081,171.962052242,31.0280012862,171.203837139,31.089983879
5.35,1651.3531065,4,0.373771766411,0.521079679518,0.0934429416026,171.413945296,31.1375476802,172.006429288,31.0614571041,171.336824234,31.1103134118
5.375,1659.06970981,4,0.373876654292,0.521178131798,0.0934691635731,171.349409751,31.111455289,171.995626598,31.0922828756,171.509585313,31.1317645046
5.4,1666.78631311,4,0.374035166055,0.521309882163,0.0935087915138,171.459791996,31.143597441,171.939271611,31.1225230672,171.586393687,31.1089534337
5.425,1674.50291641,4,0.373633397618,0.521093534824,0.0934083494045,171.409265574,31.0967130535,171.779731789,31.1266977215,171.579842966,31.0513646899
5.45,1682.21951971,4,0.373678416252,0.521104693996,0.093419604063,171.561290285,31.1221526495,171.546939187,31.1216537074,171.671262292,31.0422076723
5.475,1689.93612301,4,0.37380273119,0.52112472226,0.0934506827975,171.636606581,31.1436198334,171.343550399,31.1126050522,171.818966447,31.0608234355
5.5,1697.65272631,4,0.373939576189,0.521152961296,0.0934848940473,171.66974547,31.1452426261,171.153278489,31.0869395831,172.004000716,31.1190284397
5.525,1705.36932961,4,0.373775598081,0.520995377847,0.0934438995203,171.625897215,31.1049468785,171.023315523,31.0722286105,172.020235804,31.133099255
5.55,1713.08593292,4,0.373823294227,0.520931672059,0.0934558235568,171.588744697,31.0617505822,170.937938135,31.0872111836,172.078968097,31.1732199633
5.575,1720.80253622,4,0.373900211477,0.520953204873,0.0934750528693,171.606438903,31.0292133756,170.949857702,31.0984195659,172.070694784,31.2137506022
5.6,1728.51913952,4,0.373867835572,0.52098077717,0.093466958893,171.603892936,30.9804895295,171.034762316,31.1143151523,172.015728811,31.23849646
5.625,1736.23574282,4,0.373803436761,0.520998383773,0.0934508591901,171.691594078,30.9657050654,171.109646081,31.1218305088,171.870539728,31.2296888873
5.65,1743.95234612,4,0.373965100127,0.521131611264,0.0934912750318,171.846447675,31.0045259938,171.219953801,31.1300879299,171.738221134,31.2229685848
5.675,1751.66894942,4,0.374166372964,0.521285340041,0.0935415932411,172.013971178,31.0527012172,171.277194506,31.1357872171,171.666772035,31.2193403285
5.7,1759.38555272,4,0.374070305703,0.521268925083,0.0935175764257,172.067597082,31.0698922003,171.33705329,31.1359239678,171.536760962,31.1780301233
5.725,1767.10215603,4,0.37411001979,0.521311044217,0.0935275049474,172.058643142,31.0871815326,171.424909583,31.1428184153,171.499865799,31.1637606674
5.75,1774.81875933,4,0.374013517622,0.521235523882,0.0935033794055,171.992802834,31.084750163,171.512290816,31.1430000194,171.403002169,31.1419193905
5.775,1782.53536263,4,0.374200784977,0.521389045208,0.0935501962443,171.963876602,31.1149392211,171.629339644,31.1382167845,171.468389463,31.1632634582
5.8,1790.25196593,4,0.373835920709,0.521228388953,0.0934589801772,171.852396919,31.1207575572,171.63532199,31.0877160824,171.413815531,31.116860196
5.825,1797.96856923,4,0.3737331958,0.521189795602,0.0934332989501,171.690637662,31.1275014005,171.691415157,31.0566108187,171.481325048,31.1155771134
5.85,1805.68517253,4,0.3736318201,0.521101786077,0.0934079550251,171.440505539,31.1020270348,171.749268081,31.0408248187,171.586111512,31.131529796
5.875,1813.40177583,4,0.373968140213,0.521286162965,0.0934920350533,171.294729409,31.091255717,172.024282553,31.1234090615,171.641434645,31.1436766647
5.9,1821.11837914,4,0.373603045588,0.521009352941,0.0934007613969,171.094389012,31.0530827668,171.980174832,31.1022905026,171.610023976,31.1118250387
5.925,1828.83498244,4,0.373728910459,0.521049709913,0.0934322276147,171.05453684,31.0720079862,172.073879267,31.151021089,171.596966113,31.075590454
5.95,1836.55158574,4,0.373602330982,0.520869144487,0.0934005827456,170.901835088,31.050962957,172.07258764,31.1817552238,171.571254988,31.0343017314
5.975,1844.26818904,4,0.373790080475,0.520976647477,0.0934475201187,171.044385551,31.112731002,172.04276484,31.2164168788,171.566422163,30.9847422841
6,1851.98479234,4,0.373337868257,0.520745915456,0.0933344670643,170.985141317,31.0695149565,171.920844966,31.2120954596,171.517722683,30.9193883603
6.025,1859.70139564,4,0.373520704775,0.520909511304,0.0933801761937,171.13078256,31.0991331542,171.787958237,31.2061734573,171.668823051,30.9413359303
6.05,1867.41799894,4,0.373517549647,0.520901835605,0.0933793874117,171.177269238,31.0965610572,171.675022418,31.205980117,171.728155467,30.9433137136
6.075,1875.13460225,4,0.373828581803,0.521154990433,0.0934571454508,171.241729219,31.1053158906,171.571338444,31.1779452431,172.020751077,31.0402405991
6.1,1882.85120555,4,0.373305341653,0.520861499066,0.0933263354133,171.254438897,31.0863115401,171.437774337,31.132428614,171.849208337,30.9741385996
6.125,1890.56780885,4,0.373295028082,0.520886019286,0.0933237570205,171.308932105,31.0781174133,171.405898745,31.1291740743,171.851779685,30.9830125604
6.15,1898.28441215,4,0.373121911819,0.520795022728,0.0932804779548,171.417221992,31.0806119811,171.290930742,31.0885861801,171.768426924,30.97788871
6.175,1906.00101545,4,0.373276269106,0.520922515602,0.0933190672765,171.505704884,31.0675682425,171.393842432,31.1211242305,171.705274602,30.9969285374
6.2,1913.71761875,4,0.372691432169,0.520618131567,0.0931728580423,171.48383859,31.00863729,171.278774943,31.041489099,171.539315354,30.9894944664
6.225,1921.43422205,4,0.372717556615,0.520648994191,0.0931793891539,171.574458162,31.0002021842,171.40361139,31.0518393418,171.355793329,30.9941011014
6.25,1929.15082536,4,0.372678873374,0.520588482064,0.0931697183435,171.681415377,31.0037635044,171.45200186,31.0543023759,171.141215662,30.978419766
6.275,1936.86742866,4,0.37285592588,0.520651250508,0.0932139814701,171.900846227,31.0761559515,171.462740839,31.0441286949,170.974912635,30.9604008301
6.3,1944.58403196,4,0.372575676486,0.520407985696,0.0931439191214,171.850213921,31.0619763073,171.426214352,31.0022096428,170.820318889,30.946537367
6.325,1952.30063526,4,0.372682360031,0.520370921189,0.0931705900078,171.903667921,31.0975734145,171.412494965,30.9652445807,170.744632086,30.9745380689
6.35,1960.01723856,4,0.372673785006,0.520306469925,0.0931684462515,171.898054146,31.1333110386,171.413845855,30.9234543708,170.685523949,30.978449964
6.375,1967.73384186,4,0.372576648398,0.52026517415,0.0931441620994,171.854824147,31.1595528268,171.332676217,30.8411654191,170.769581306,31.0102477017
6.4,1975.45044516,4,0.372409405056,0.520205780018,0.093102351264,171.732339422,31.1564676358,171.363385945,30.8021711727,170.802867139,31.0105760932
6.425,1983.16704847,4,0.372585110526,0.520350208901,0.0931462776316,171.599088123,31.1496774214,171.532893043,30.8414623058,170.911593547,31.0219387274
6.45,1990.88365177,4,0.372665386848,0.520425088688,0.093166346712,171.517702802,31.1431261563,171.627481876,30.8579856011,170.973911528,31.0320070788
6.475,1998.60025507,4,0.372534813153,0.520400919897,0.0931337032883,171.372792147,31.0934566326,171.697464062,30.8720241637,171.025435164,31.0350412963
6.5,2006.31685837,4,0.372285553766,0.520269143037,0.0930713884416,171.289384618,31.0619668059,171.637950601,30.8604627424,171.037501005,31.0158668078
6.525,2014.03346167,4,0.371990582689,0.520086825025,0.0929976456723,171.187637761,31.0390338562,171.519852172,30.8293686399,171.076010997,30.9962565429
6.55,2021.75006497,4,0.372058602761,0.520160392274,0.0930146506903,171.192328831,31.035188239,171.459933511,30.8488951932,171.205468361,30.9975563077
6.575,2029.46666827,4,0.371832805732,0.520071575079,0.0929582014331,171.150553351,30.9919843243,171.362471194,30.8675491737,171.256866583,30.965737707
6.6,2037.18327158,4,0.371689552534,0.519996459606,0.0929223881336,171.177224292,30.9683291901,171.221097938,30.8919666229,171.297434602,30.9292133055
6.625,2044.89987488,4,0.371619619472,0.519912960441,0.0929049048679,171.249895088,30.9619052396,170.986913748,30.8900899475,171.376478442,30.9200556669
6.65,2052.61647818,4,0.371890333412,0.52002744766,0.092972583353,171.300157778,30.9646462182,170.796559025,30.8852283832,171.631803811,30.9897579574
6.675,2060.33308148,4,0.371624056831,0.519802892867,0.0929060142078,171.264138691,30.9254039986,170.601690206,30.8632332755,171.639341226,30.9845213333
6.7,2068.04968478,4,0.371818385741,0.519875578494,0.0929545964353,171.303441291,30.9048227487,170.559571365,30.8942918483,171.715516855,31.0225567654
6.725,2075.76628808,4,0.371852757256,0.519779936679,0.0929631893139,171.341225851,30.8822881229,170.416988919,30.8962785021,171.725532079,31.0516853282
6.75,2083.48289138,4,0.372037286184,0.519887232992,0.093009321546,171.347400959,30.8321227857,170.516257405,30.9541379301,171.727872468,31.0900575003
6.775,2091.19949469,4,0.371704889831,0.519753012015,0.0929262224578,171.3414734,30.7727239935,170.482363541,30.9280017507,171.634261125,31.0926122155
6.8,2098.91609799,4,0.37188596543,0.519924998587,0.0929714913575,171.464910277,30.7806719568,170.615041294,30.9571940739,171.55041227,31.1006760942
6.825,2106.63270129,4,0.371977911483,0.519998533645,0.0929944778707,171.544526129,30.7917149583,170.692625367,30.9625439744,171.467134804,31.1072368346
6.85,2114.34930459,4,0.372310270263,0.520259405839,0.0930775675658,171.787976631,30.8738405494,170.79253563,30.9837813584,171.384718209,31.0868447364
6.875,2122.06590789,4,0.371786389595,0.519936972399,0.0929465973987,171.596619264,30.8104447659,170.807389312,30.9666383598,171.239700533,31.0366006386
6.9,2129.78251119,4,0.371666375105,0.519881608905,0.0929165937763,171.523700901,30.8060878048,170.858264348,30.9478819168,171.206850251,31.0297533256
6.925,2137.49911449,4,0.371454514932,0.519722028588,0.0928636287329,171.37957379,30.7954178226,170.972089601,30.949808873,171.0781928,30.9856070483
6.95,2145.2157178,4,0.371777785033,0.519897560115,0.0929444462583,171.272901823,30.8208169602,171.117788911,30.957731944,171.214840842,31.032986796
6.975,2152.9323211,4,0.371254428186,0.519625842529,0.0928136070464,171.125652358,30.8334801751,171.136077019,30.9110331816,171.072945278,30.9363702317
7,2160.6489244,4,0.371430707091,0.519720179757,0.0928576767729,170.992676865,30.8785032669,171.23590271,30.9026134771,171.200760911,30.943773551
7.025,2168.3655277,4,0.371451289048,0.519668417231,0.0928628222621,170.772415448,30.8853461109,171.349408947,30.9045718954,171.256313398,30.9401104199
7.05,2176.082131,4,0.371756036688,0.519810851343,0.0929390091719,170.571924392,30.8670291375,171.657729255,31.0059051186,171.291145416,30.9331721328
7.075,2183.7987343,4,0.371457103309,0.519602950395,0.0928642758273,170.426463577,30.8555738184,171.581741826,30.9750269847,171.305361274,30.9008791098
7.1,2191.5153376,4,0.37175098756,0.519731791555,0.0929377468901,170.405095393,30.8974081496,171.687910654,31.0241061478,171.349480604,30.8833316146
7.125,2199.23194091,4,0.371798438394,0.519711047135,0.0929496095985,170.326783953,30.8960898044,171.694035196,31.0584968061,171.401156017,30.8621050462
7.15,2206.94854421,4,0.371862447947,0.519785285099,0.0929656119868,170.447108403,30.9429750575,171.667500256,31.0876182571,171.381611045,30.8020778471
7.175,2214.66514751,4,0.371677675523,0.5197453088,0.0929194188808,170.453360391,30.9255663844,171.573681314,31.090627145,171.429293973,30.7703505824
7.2,2222.38175081,4,0.371918518948,0.519949406637,0.0929796297369,170.57921593,30.9372897533,171.49424342,31.1004424333,171.586566967,30.8089366798
7.225,2230.09835411,4,0.372059787109,0.520043533722,0.0930149467773,170.666483153,30.9509887681,171.454152127,31.1126420765,171.633238708,30.8183045588
7.25,2237.81495741,4,0.372118696426,0.520107302763,0.0930296741065,170.767615567,30.9690985283,171.334591037,31.074354985,171.715200372,30.8531881592
7.275,2245.53156071,4,0.37189973614,0.519935171457,0.092974934035,170.831382772,30.9668922487,171.243827158,31.0423983765,171.570122845,30.8326892542
7.3,2253.24816402,4,0.371699181104,0.519752040861,0.0929247952761,170.925073515,30.9645591032,171.163786687,31.0294629116,171.373388752,30.797890804
7.325,2260.96476732,4,0.371866411378,0.519824461893,0.0929666028445,171.10615738,30.9852033591,171.158400686,31.0246312759,171.269789183,30.8238259675
7.35,2268.68137062,4,0.371853174443,0.51981582033,0.0929632936107,171.199306404,30.9722116296,171.178836847,31.0070228748,171.14749662,30.8511215965
7.375,2276.39797392,4,0.37173841899,0.519744035871,0.0929346047474,171.232815393,30.9342040766,171.210004032,30.9833944349,171.011095377,30.8841097513
7.4,2284.11457722,4,0.371757241191,0.519733019023,0.0929393102978,171.330844114,30.9311843042,171.299311359,30.9765802208,170.812662464,30.8986425591
7.425,2291.83118052,4,0.372050314165,0.519909343751,0.0930125785412,171.596429728,30.998167771,171.378837387,30.9863641448,170.643462527,30.8950386381
7.45,2299.54778382,4,0.371963157454,0.519860521834,0.0929907893635,171.686887054,31.0209877268,171.398136158,30.9680139841,170.484739555,30.8688108239
7.475,2307.26438713,4,0.372105667744,0.519963107486,0.0930264169359,171.755513528,31.0521304822,171.428474861,30.9445856032,170.487931064,30.8966730743
7.5,2314.98099043,4,0.372122268674,0.519892766003,0.0930305671685,171.782738548,31.0840525345,171.415728183,30.9043690715,170.402883469,30.9091118515
7.525,2322.69759373,4,0.372209469032,0.519960297119,0.093052367258,171.803248161,31.1274092412,171.393659752,30.8480833881,170.47152254,30.9438097434
7.55,2330.41419703,4,0.371971251773,0.519897136776,0.0929928129432,171.721333826,31.1339943685,171.404547999,30.7989948501,170.479200102,30.9268440021
7.575,2338.13080033,4,0.372137911121,0.520054441865,0.0930344777803,171.659980987,31.1511492423,171.522168898,30.8068697146,170.579654433,30.9434195202
7.6,2345.84740363,4,0.372287058714,0.520146346931,0.0930717646784,171.595097916,31.1668725736,171.599837762,30.8250421073,170.658255191,30.9467573741
7.625,2353.56400693,4,0.372626106441,0.520378557468,0.0931565266101,171.537665738,31.1581459981,171.759177958,30.8856910534,170.787829747,30.9794757256
7.65,2361.28061024,4,0.372261073974,0.520109838667,0.0930652684935,171.411008448,31.1145882135,171.559970762,30.8344207509,170.844966159,30.9831761952
7.675,2368.99721354,4,0.372358691204,0.520143430268,0.0930896728011,171.398000303,31.1143355522,171.44307288,30.8296880724,171.008005841,31.0125309444
7.7,2376.71381684,4,0.37223514761,0.519996421812,0.0930587869025,171.252253066,31.0708745513,171.274893444,30.8145046594,171.174768198,31.0403336265
7.725,2384.43042014,4,0.372644390807,0.520194843724,0.0931610977016,171.394269414,31.1237817515,171.146376993,30.8358305447,171.359063672,31.0682650356
7.75,2392.14702344,4,0.372170660046,0.519968232738,0.0930426650115,171.296933725,31.0446318204,170.999840461,30.8399180199,171.376343376,31.0250641602
7.775,2399.86362674,4,0.372347327847,0.520113264418,0.0930868319617,171.440603442,31.0567201505,170.908134566,30.8829473673,171.468875512,31.0140502741
7.8,2407.58023004,4,0.372356943272,0.520123018769,0.0930892358181,171.526729782,31.0592871895,170.731681627,30.8863387341,171.56860375,31.0104922872
7.825,2415.29683335,4,0.372767871967,0.520381600552,0.0931919679917,171.579168525,31.0615553958,170.583062686,30.8661699067,171.922678431,31.1309781749
7.85,2423.01343665,4,0.372335363559,0.520132808193,0.0930838408898,171.536019823,31.0134942189,170.468758086,30.8496934424,171.831331223,31.087543336
7.875,2430.73003995,4,0.37255990082,0.520273251434,0.093139975205,171.505859362,30.9624713701,170.510500501,30.9012918506,171.959680137,31.1430218197
7.9,2438.44664325,4,0.372350680193,0.520094664442,0.0930876700484,171.447549485,30.8985842095,170.401639954,30.8856486462,171.948174104,31.1703218245
7.925,2446.16324655,4,0.372421300209,0.520175517445,0.0931053250522,171.428548952,30.8374215627,170.527201635,30.9348496722,171.92188161,31.1999132025
7.95,2453.87984985,4,0.372138802432,0.520085698479,0.093034700608,171.475237392,30.8022290435,170.49581158,30.902752722,171.816356279,31.1966792206
7.975,2461.59645315,4,0.372454674284,0.520307380508,0.0931136685711,171.62249864,30.8354954351,170.627672449,30.9279632097,171.757957244,31.2170573802
8,2469.31305646,4,0.372598717338,0.520363733328,0.0931496793344,171.624452325,30.8282693887,170.709386594,30.9481446902,171.729867164,31.2400612141
8.025,2477.02965976,4,0.372786330875,0.520474415845,0.0931965827187,171.707241239,30.8673768545,170.847357751,30.9916153129,171.618854607,31.204319438
8.05,2484.74626306,4,0.372554453372,0.520263714304,0.0931386133431,171.472289675,30.8129035015,170.972696346,31.0229515831,171.517248258,31.1695700414
8.075,2492.46286636,4,0.372533463364,0.520204942736,0.0931333658409,171.297729567,30.7746270542,171.159405064,31.0670144782,171.445700735,31.1585435954
8.1,2500.17946966,4,0.372698539042,0.520282824051,0.0931746347605,171.176407777,30.7776783018,171.389667724,31.1179880156,171.413995641,31.1457287155
8.125,2507.89607296,4,0.372751024308,0.520329578377,0.0931877560771,171.064560204,30.792129277,171.488841213,31.1150585241,171.472874937,31.1473097848
8.15,2515.61267626,4,0.372617509426,0.52031174506,0.0931543773564,170.984764604,30.8261266718,171.530332226,31.0781320366,171.492961065,31.1169078884
8.175,2523.32927957,4,0.372711463331,0.520396972036,0.0931778658329,170.863238219,30.858258116,171.603108909,31.0683524867,171.626442019,31.118010882
8.2,2531.04588287,4,0.372937642413,0.520544393464,0.0932344106032,170.6988113,30.8539430131,171.835959347,31.120399961,171.704883338,31.1267424218
8.225,2538.76248617,4,0.372841449786,0.520492176988,0.0932103624466,170.512412851,30.8151250611,171.962776106,31.1557155261,171.711949919,31.1062310411
8.25,2546.47908947,4,0.372755308881,0.520442116497,0.0931888272203,170.475984513,30.8349593169,171.999363352,31.1740840344,171.661349493,31.0465238462
8.275,2554.19569277,4,0.372710223634,0.520361541382,0.0931775559085,170.41886669,30.8656416796,172.06823442,31.2135167712,171.568601157,30.9651535528
8.3,2561.91229607,4,0.372610120882,0.520298305703,0.0931525302205,170.410818944,30.8819883095,172.062067526,31.2482154891,171.519055855,30.8891183037
8.325,2569.62889937,4,0.37239749833,0.520237856806,0.0930993745824,170.424508962,30.8829711794,171.99481358,31.2590452935,171.511580198,30.8242260038
8.35,2577.34550268,4,0.372503421177,0.52035685449,0.0931258552942,170.503470067,30.9068485351,171.936881609,31.2761038386,171.608648194,30.8097329474
8.375,2585.06210598,4,0.372785919698,0.52052392889,0.0931964799246,170.616719014,30.9363569094,171.877073659,31.2942133588,171.721276682,30.8326386902
8.4,2592.77870928,4,0.373141778881,0.520753731148,0.0932854447204,170.780336403,30.9964747336,171.824986407,31.2875467272,171.838406377,30.8680250736
8.425,2600.49531258,4,0.372886808014,0.520576287757,0.0932217020035,170.891068515,31.029548141,171.68623158,31.2367776178,171.688394153,30.8220692109
8.45,2608.21191588,4,0.373016477513,0.520638974038,0.0932541193783,171.128131155,31.0968355775,171.65253879,31.2252472381,171.546712709,30.7986831719
8.475,2615.92851918,4,0.372934307336,0.520522432646,0.0932335768339,171.336342611,31.1508699778,171.521664272,31.1885377041,171.352090511,30.7608451371
8.5,2623.64512248,4,0.373334501875,0.520743169214,0.0933336254688,171.546565912,31.1926825797,171.651052401,31.2349055577,171.231997945,30.7725702469
8.525,2631.36172579,4,0.373025948889,0.520625778091,0.0932564872223,171.593021014,31.1592330398,171.595804753,31.1733893307,171.122715409,30.7905080751
8.55,2639.07832909,4,0.373342031778,0.520864474666,0.0933355079446,171.709772849,31.1514298876,171.74098849,31.1848541537,171.098282758,30.8657541268
8.575,2646.79493239,4,0.37336180412,0.520859209901,0.0933404510299,171.788001033,31.1386753997,171.853694947,31.1908101772,170.901281521,30.877488608
8.6,2654.51153569,4,0.373714148385,0.521057409178,0.0934285370962,172.131756927,31.2516745429,171.914821445,31.1919977054,170.693459204,30.8512620398
8.625,2662.22813899,4,0.373235728285,0.52076183985,0.0933089320713,172.048901421,31.2073398867,171.867303042,31.1346503123,170.527789653,30.8335100994
8.65,2669.94474229,4,0.37338712889,0.520855901373,0.0933467822225,172.17198246,31.2578513155,171.801312356,31.0555822837,170.563595756,30.8998627247
8.675,2677.66134559,4,0.37318494591,0.520655467965,0.0932962364776,172.193267711,31.2924872725,171.738403343,30.9786907368,170.403997919,30.8916448501
8.7,2685.3779489,4,0.373363366674,0.520788858783,0.0933408416684,172.192531218,31.3261264431,171.746415624,30.9148155628,170.528722346,30.966422259
8.725,2693.0945522,4,0.373056128275,0.520689763797,0.0932640320687,172.100919952,31.3215511312,171.799474905,30.8677173663,170.467053071,30.9413960054
8.75,2700.8111555,4,0.373497765334,0.52100578334,0.0933744413336,172.071356407,31.3471166537,171.983065641,30.9002782244,170.627223759,30.9935210043
8.775,2708.5277588,4,0.373791373724,0.52116183467,0.093447843431,172.051517235,31.3741573439,172.056914884,30.9110633095,170.727608921,31.0289923614
8.8,2716.2443621,4,0.374144175089,0.521405378283,0.0935360437724,171.938201923,31.3328722246,172.236863055,30.9780580183,170.902646022,31.0913569869
8.825,2723.9609654,4,0.37390220981,0.521227217097,0.0934755524526,171.827548034,31.2905792534,172.000482007,30.9142356069,171.070203497,31.1370675522
8.85,2731.6775687,4,0.374084899709,0.521313505759,0.0935212249272,171.788795851,31.2869468716,171.853444919,30.8886474617,171.340528681,31.2118952422
8.875,2739.39417201,4,0.374316697123,0.521417036059,0.0935791742806,171.760128694,31.2737562369,171.720526425,30.8921233536,171.603882583,31.2794764709
8.9,2747.11077531,4,0.37463426705,0.521620180514,0.0936585667625,171.891293313,31.304431403,171.662402889,30.9365279129,171.732125484,31.2836756961
8.925,2754.82737861,4,0.374517241879,0.521590801332,0.0936293104698,171.914720287,31.2691524802,171.548256509,30.9797973333,171.792005111,31.2464707424
8.95,2762.54398191,4,0.374718246503,0.521705144975,0.0936795616259,172.092303405,31.2850476094,171.393010278,31.0260821972,171.882347252,31.2344700462
8.975,2770.26058521,4,0.374906605068,0.521780995155,0.0937266512671,172.193318769,31.2992107736,171.159672338,31.0237742386,172.088913172,31.2696371437
9,2777.97718851,4,0.37494275122,0.521765839537,0.093735687805,172.24578536,31.2896633212,170.923089211,30.9968191897,172.2563237,31.3151632605
9.025,2785.69379181,4,0.374812444333,0.521648901151,0.0937031110832,172.207568439,31.2279955251,170.836970484,31.027300703,172.262210815,31.3138194062
9.05,2793.41039512,4,0.374855607815,0.521589802723,0.0937139019538,172.135601916,31.1456450569,170.752996934,31.0799485077,172.357344765,31.3542975094
9.075,2801.12699842,4,0.374873102807,0.521578150632,0.0937182757019,172.155269425,31.084838711,170.697973571,31.105671941,172.379178148,31.3937479157
9.1,2808.84360172,4,0.374872105026,0.521637828863,0.0937180262566,172.207842985,31.0355446937,170.729823498,31.1353423476,172.352360675,31.4131224378
9.125,2816.56020502,4,0.375055678656,0.521810372516,0.093763919664,172.353597663,31.0348639959,170.794193987,31.1637383597,172.312460599,31.4312349034
9.15,2824.27680832,4,0.375526347471,0.52210971898,0.0938815868678,172.57488428,31.1031170489,170.904931286,31.1883725212,172.277242416,31.4558466285
9.175,2831.99341162,4,0.375966303817,0.52240778818,0.0939915759542,172.758433362,31.1659916553,171.048279879,31.233884932,172.245815326,31.4572914132
9.2,2839.71001492,4,0.375981945079,0.52244744814,0.0939954862698,172.778111942,31.1841806115,171.199859483,31.2723598656,172.111963699,31.4045322473
9.225,2847.42661823,4,0.376338411775,0.522698788682,0.0940846029436,172.744449731,31.2019087787,171.497715473,31.3540664766,172.096514121,31.3940867061
9.25,2855.14322153,4,0.376508043668,0.52276224266,0.094127010917,172.63027791,31.1965263404,171.750005404,31.4174186778,172.019575949,31.3784642731
9.275,2862.85982483,4,0.37710551275,0.523115075569,0.0942763781875,172.601845832,31.2553296917,171.981682305,31.4574601391,172.166500093,31.4287731359
9.3,2870.57642813,4,0.376987071418,0.523071253256,0.0942467678546,172.482655298,31.2988025352,172.040227308,31.4177601696,172.181310023,31.3954322718
9.325,2878.29303143,4,0.377224704563,0.523199491669,0.0943061761408,172.320184737,31.3579421351,172.167389656,31.3984473161,172.342622029,31.4149288578
9.35,2886.00963473,4,0.377207170748,0.523099294467,0.094301792687,172.003066088,31.36042341,172.211181953,31.3666331454,172.513891502,31.4398845681
9.375,2893.72623803,4,0.377595935617,0.523253908383,0.0943989839043,171.725197105,31.3476025185,172.532499215,31.4574879718,172.622802615,31.458902867
9.4,2901.44284134,4,0.377282388966,0.522979208611,0.0943205972416,171.491298134,31.3420079901,172.47331974,31.414966504,172.639535861,31.4287442934
9.425,2909.15944464,4,0.377503758255,0.523076314864,0.0943759395636,171.489068302,31.4211735892,172.572216942,31.4495013443,172.637735936,31.3703070365
9.45,2916.87604794,4,0.377379543968,0.522902900971,0.0943448859919,171.265234278,31.4140648351,172.631877397,31.4892124906,172.626615985,31.3066954793
9.475,2924.59265124,4,0.377768681715,0.523157513597,0.0944421704287,171.401374657,31.5023364611,172.648162303,31.524457251,172.726192665,31.2803244129
9.5,2932.30925454,4,0.377510693818,0.523079096351,0.0943776734544,171.283600316,31.4590765644,172.570701728,31.5191594016,172.840812467,31.2644774154
9.525,2940.02585784,4,0.378192729064,0.523589323455,0.0945481822659,171.485824569,31.5139197107,172.57141217,31.5505279831,173.144942301,31.3485306714
9.55,2947.74246114,4,0.378514430389,0.523771344451,0.0946286075972,171.52105244,31.5054902859,172.56017219,31.5847322264,173.30031249,31.4030661761
9.575,2955.45906445,4,0.379049260205,0.524158390652,0.0947623150512,171.687980291,31.5404417874,172.46852101,31.5519703373,173.60909801,31.534392816
9.6,2963.17566775,4,0.378953471155,0.524152036027,0.0947383677888,171.863257124,31.5663402895,172.369595778,31.5122389603,173.524031036,31.524312673
9.625,2970.89227105,4,0.379501940724,0.524524461402,0.0948754851811,172.186512433,31.6456241968,172.374220948,31.5211582455,173.565716147,31.573030795
9.65,2978.60887435,4,0.379806904758,0.524665688154,0.0949517261895,172.410985636,31.68635233,172.34457286,31.5117907734,173.509734526,31.6178021176
9.675,2986.32547765,4,0.380298415182,0.524942848562,0.0950746037955,172.509199252,31.6629079359,172.537914606,31.5732207585,173.492851223,31.7025184176
9.7,2994.04208095,4,0.380060363117,0.524795323498,0.0950150907792,172.528999073,31.5945379939,172.537793004,31.5306944942,173.323908436,31.7539867113
9.725,3001.75868425,4,0.380190812879,0.524780780163,0.0950477032197,172.529546344,31.5373292674,172.760644063,31.5687786136,173.084061759,31.8056771231
9.75,3009.47528756,4,0.380246163511,0.524700438403,0.0950615408776,172.656987005,31.5307686186,172.887584231,31.5932582083,172.747609121,31.8015760472
9.775,3017.19189086,4,0.380480146574,0.524743966062,0.0951200366436,172.851514029,31.5785856627,172.983017389,31.6064876228,172.499291394,31.7989417058
9.8,3024.90849416,4,0.380377653621,0.524622884792,0.0950944134052,172.805068353,31.5473275813,173.000817845,31.5719201859,172.405310098,31.8391806267
9.825,3032.62509746,4,0.380417032315,0.524597236685,0.0951042580787,172.908956976,31.584378197,172.974011517,31.5077823908,172.300843607,31.8760984017
9.85,3040.34170076,4,0.380350427918,0.5245190973,0.0950876069796,172.931348002,31.6227511551,173.006495403,31.4654739871,172.16606066,31.8634065594
9.875,3048.05830406,4,0.380420902855,0.52462990475,0.0951052257138,172.901727993,31.6406721269,173.150836105,31.4672730921,172.16007363,31.861280022
9.9,3055.77490736,4,0.3805066138,0.52477760057,0.0951266534501,172.844776549,31.6509446769,173.363488019,31.5045789798,172.15008751,31.835098679
9.925,3063.49151067,4,0.380865142024,0.52503089422,0.0952162855061,172.810230695,31.6762925197,173.605701786,31.5977553604,172.193487402,31.8060783378
9.95,3071.20811397,4,0.381208226119,0.525299100003,0.0953020565299,172.788493029,31.6874873986,173.85203009,31.6928219219,172.234887377,31.7854652685
9.975,3078.92471727,4,0.381303810302,0.525415932862,0.0953259525755,172.675316417,31.6442336314,173.96388903,31.7603728377,172.350999704,31.7850299942
10,3086.64132057,4,0.381599512701,0.525629955926,0.0953998781752,172.632567974,31.6249090368,173.959349655,31.8054589363,172.609939895,31.8330883764
10.025,3094.35792387,4,0.381839802459,0.525753641013,0.0954599506148,172.552415276,31.6119742963,173.977817994,31.8549529724,172.793073426,31.8565156168
10.05,3102.07452717,4,0.382353845627,0.52603533213,0.0955884614067,172.662581626,31.6514814364,173.988712419,31.9464165228,172.951269092,31.8538719478
10.075,3109.79113047,4,0.382308660742,0.526001502074,0.0955771651854,172.700157465,31.6373640244,173.935724951,32.031244032,172.931084927,31.7718817829
10.1,3117.50773378,4,0.382432379015,0.52605240789,0.0956080947538,172.818819218,31.6480297524,173.82872664,32.117531522,172.968805021,31.7058139039
10.125,3125.22433708,4,0.382373490692,0.525901401132,0.0955933726729,173.000066167,31.6797778191,173.559636814,32.1449579553,172.904674978,31.6319383755
10.15,3132.94094038,4,0.38268871881,0.525996543602,0.0956721797025,173.110951876,31.7087287382,173.321844565,32.1497582529,173.125508236,31.6768814945
10.175,3140.65754368,4,0.38239863366,0.52574976094,0.0955996584149,173.138603098,31.6964270452,173.099658505,32.1331635775,173.072795802,31.6333602806
10.2,3148.37414698,4,0.382359953122,0.525733785166,0.0955899882804,173.133663682,31.6481995998,173.037165133,32.1547055121,173.123603512,31.6503894853
10.225,3156.09075028,4,0.382039354971,0.525500539863,0.0955098387428,173.093637012,31.5864448816,172.797025514,32.0982766698,173.170267717,31.6885381221
10.25,3163.80735358,4,0.382125646127,0.525602598247,0.0955314115317,173.183878204,31.5713370114,172.811571338,32.0999822984,173.166867027,31.7234823033
10.275,3171.52395689,4,0.381587729215,0.525396704881,0.0953969323036,173.299714657,31.567048818,172.58856827,31.9781870792,173.068017064,31.7152787932
10.3,3179.24056019,4,0.381952303156,0.525743523973,0.095488075789,173.566285042,31.6487771768,172.698828337,31.9618446452,173.036895679,31.7409060187
10.325,3186.95716349,4,0.38201885441,0.525771109303,0.0955047136026,173.675039166,31.7019735962,172.658413468,31.8978458292,172.995534105,31.7683224368
10.35,3194.67376679,4,0.382489640904,0.526120658713,0.095622410226,173.998273684,31.8457121968,172.739658987,31.8853619907,172.939497607,31.7545959918
10.375,3202.39037009,4,0.38222240556,0.525980841647,0.0955556013899,173.890307814,31.8401321509,172.824616037,31.8665364939,172.822167643,31.7122882351
10.4,3210.10697339,4,0.382649877766,0.526232165826,0.0956624694415,173.907082842,31.9041078833,173.100203095,31.9194508794,172.780156241,31.7021133475
10.425,3217.82357669,4,0.382694850916,0.526161269205,0.0956737127291,173.853855644,31.951700827,173.203024626,31.9177088333,172.659508626,31.6674896596
10.45,3225.54018,4,0.383120123182,0.526395357678,0.0957800307956,173.889324744,32.0468139148,173.213051972,31.8600656347,172.847539027,31.736185802
10.475,3233.2567833,4,0.382586260324,0.526056578047,0.0956465650809,173.769667372,32.100958521,173.116494641,31.75117899,172.725512126,31.6576529819
10.5,3240.9733866,4,0.382692460134,0.526107075637,0.0956731150334,173.658243241,32.1606160306,173.073203102,31.6787475709,172.930850692,31.6969388775
10.525,3248.6899899,4,0.382569764761,0.525987741819,0.0956424411901,173.388943105,32.1390308293,173.10826994,31.6436575596,173.046126527,31.7229841104
10.55,3256.4065932,4,0.382759271353,0.526083651229,0.0956898178382,173.189901121,32.1056692012,173.318964956,31.7026576372,173.130188079,31.7446545602
10.575,3264.1231965,4,0.382277491278,0.525777585821,0.0955693728195,173.031214095,32.0742980229,173.198393976,31.6508510422,173.103744704,31.7075595513
10.6,3271.8397998,4,0.382021792891,0.525641387692,0.0955054482227,172.862612716,32.0368965626,173.306344702,31.6973992005,173.028209444,31.6345796686
10.625,3279.55640311,4,0.3815992842,0.525386226734,0.09539982105,172.61952968,31.9381093589,173.306820083,31.737055527,173.015875209,31.58823442
10.65,3287.27300641,4,0.381436737601,0.525384786607,0.0953591844003,172.597382154,31.8935458593,173.255770293,31.7588374237,173.08777405,31.5704374836
10.675,3294.98960971,4,0.381037349408,0.525261577226,0.0952593373521,172.481588511,31.7995790992,173.142696226,31.7567201746,173.193962598,31.5668172259
10.7,3302.70621301,4,0.381155230013,0.525363011706,0.0952888075033,172.577493333,31.766919115,173.050620737,31.7689107595,173.291872229,31.616714634
10.725,3310.42281631,4,0.381316412952,0.525444101062,0.0953291032379,172.584187093,31.7352182381,173.012914797,31.7855391772,173.404437424,31.6720252049
10.75,3318.13941961,4,0.381403684028,0.525526681459,0.095350921007,172.706101688,31.7437347553,172.881622301,31.7428569427,173.497022378,31.727977492
10.775,3325.85602291,4,0.381481373791,0.525550042941,0.0953703434476,172.910653892,31.7836483032,172.780631088,31.7090432013,173.417735031,31.741272352
10.8,3333.57262622,4,0.381589327822,0.525554505545,0.0953973319556,173.082766339,31.8190431027,172.63743774,31.6757442853,173.394352241,31.7661263828
10.825,3341.28922952,4,0.381791027183,0.525640703468,0.0954477567958,173.196299384,31.8164786289,172.641965973,31.6776166656,173.363578321,31.8171712091
10.85,3349.00583282,4,0.381521744427,0.525477482077,0.0953804361068,173.086872451,31.7193761627,172.626131107,31.6525391116,173.327323144,31.8721268088
10.875,3356.72243612,4,0.381249601608,0.525333452842,0.095312400402,173.051256215,31.6397496708,172.668876543,31.6402331419,173.177881422,31.8961208567
10.9,3364.43903942,4,0.381003000519,0.525185391746,0.0952507501298,172.996983824,31.5848706574,172.831157731,31.6626222854,172.923528363,31.8670486143
10.925,3372.15564272,4,0.381022383385,0.525218804555,0.0952555958462,173.154092102,31.6122049069,172.921773724,31.6878591638,172.710816305,31.8193162734
10.95,3379.87224602,4,0.380624347434,0.524990432085,0.0951560868585,173.120301574,31.5879392861,172.909619597,31.6703692731,172.530564791,31.761705095
10.975,3387.58884933,4,0.380337389341,0.524857283059,0.0950843473353,173.106722124,31.5950852644,172.816813193,31.5989019916,172.505609511,31.7543894626
11,3395.30545263,4,0.379901478814,0.524543562132,0.0949753697034,173.176310202,31.6519962086,172.667095978,31.5003951581,172.274049058,31.687163558
11.025,3403.02205593,4,0.379780592932,0.524530385012,0.094945148233,173.178978202,31.7024975378,172.642857948,31.4384647242,172.284026939,31.668414409
11.05,3410.73865923,4,0.379185424439,0.524267156245,0.0947963561098,173.076847775,31.7051167186,172.593664085,31.3757106188,172.174094101,31.5799699831
11.075,3418.45526253,4,0.379222201165,0.524377455545,0.0948055502913,172.971889259,31.7094561326,172.738620222,31.4046653695,172.245676516,31.5558568523
11.1,3426.17186583,4,0.379096555666,0.524288116766,0.0947741389166,172.849129053,31.7075802143,172.760262966,31.4143809725,172.259104984,31.5166507112
11.125,3433.88846913,4,0.379364525656,0.524462122085,0.0948411314139,172.730539159,31.6771149407,172.945529593,31.4974400013,172.367673631,31.5309536539
11.15,3441.60507244,4,0.379021770188,0.524225398394,0.0947554425469,172.541824921,31.6115962781,172.7929541,31.4638872224,172.474082461,31.5444587636
11.175,3449.32167574,4,0.379274323019,0.524314304788,0.0948185807548,172.460417954,31.5899093523,172.711959851,31.4735021164,172.726928666,31.6195787156
11.2,3457.03827904,4,0.379077501628,0.524112494904,0.094769375407,172.285975652,31.5375463551,172.589775134,31.4634186081,172.8237903,31.632890237
11.225,3464.75488234,4,0.379381634892,0.524277716861,0.0948454087231,172.421591039,31.5923328166,172.583028396,31.5131300919,172.861687184,31.6043168801
11.25,3472.47148564,4,0.378686188595,0.523884065381,0.0946715471487,172.263937471,31.4973116156,172.434176534,31.5177759536,172.776999425,31.5210792671
11.275,3480.18808894,4,0.378668126827,0.52390224198,0.0946670317069,172.401596968,31.5126211933,172.277846204,31.5254940606,172.815738645,31.4935425977
11.3,3487.90469224,4,0.378320337121,0.523682706892,0.0945800842802,172.472746182,31.5160712125,172.006219857,31.4717006662,172.799004489,31.4570628809
11.325,3495.62129555,4,0.378369989162,0.523725184662,0.0945924972904,172.490159438,31.5097615677,171.825504387,31.4168272473,173.006743107,31.5306412043
11.35,3503.33789885,4,0.377697281585,0.523342530191,0.0944243203963,172.41163924,31.4472316315,171.698991478,31.3771873343,172.831713014,31.4648746523
11.375,3511.05450215,4,0.377655069769,0.523327577804,0.0944137674422,172.333473639,31.3725705681,171.695614412,31.3931260264,172.900325286,31.5130591602
11.4,3518.77110545,4,0.377292212726,0.523078757308,0.0943230531816,172.262345428,31.2989354499,171.517738239,31.3274982398,172.902862845,31.5617375258
11.425,3526.48770875,4,0.37719522927,0.523104510091,0.0942988073176,172.236340826,31.2299818538,171.59990146,31.3360857394,172.874365291,31.5978924299
11.45,3534.20431205,4,0.376699033837,0.522903105625,0.0941747584593,172.190857434,31.1658397721,171.586247292,31.2871200056,172.734304376,31.587128777
11.475,3541.92091535,4,0.376755395408,0.523000114777,0.094188848852,172.281310899,31.1862604448,171.732142519,31.2897598684,172.596698109,31.578138485
11.5,3549.63751866,4,0.376738126076,0.522995457773,0.094184531519,172.327592178,31.1902283267,171.796147008,31.2926151186,172.483663291,31.5670041936
11.525,3557.35412196,4,0.376889844016,0.5230776031,0.0942224610039,172.408860966,31.2275900903,171.963935384,31.3471741639,172.318546019,31.5129586304
11.55,3565.07072526,4,0.376756095208,0.522910046183,0.0941890238021,172.262258893,31.2074602137,172.106210048,31.3905376652,172.157504474,31.4563356191
11.575,3572.78732856,4,0.376668361694,0.522778058457,0.0941670904235,172.143588907,31.1957380573,172.234176691,31.4181449526,172.018402761,31.4185484743
11.6,3580.50393186,4,0.376622548797,0.522709037648,0.0941556371993,172.019422541,31.1994295462,172.335081943,31.4213092005,171.974809234,31.4002558913
11.625,3588.22053516,4,0.376501584956,0.522638974941,0.094125396239,171.937452098,31.2267991042,172.348832979,31.3839617223,171.975204488,31.3800360959
11.65,3595.93713846,4,0.376173479767,0.522458251381,0.0940433699417,171.761312346,31.231456476,172.348657828,31.3324333289,171.973252637,31.3449981178
11.675,3603.65374177,4,0.375995350792,0.522345702248,0.0939988376981,171.524442398,31.2150922427,172.335735415,31.2975904402,172.112849802,31.3517366773
11.7,3611.37034507,4,0.375950114955,0.522299870245,0.0939875287388,171.286860904,31.1714809202,172.471367215,31.3244591982,172.171211756,31.3571864543
11.725,3619.08694837,4,0.375667813907,0.522123862845,0.0939169534768,171.12234401,31.1277559304,172.484910499,31.3303985462,172.148557674,31.3244977568
11.75,3626.80355167,4,0.375518472514,0.522057026061,0.0938796181285,171.114507916,31.1359159751,172.457407236,31.3394432023,172.119210068,31.2700110972
11.775,3634.52015497,4,0.375440436855,0.521950896473,0.0938601092139,170.992796319,31.1183519024,172.53521872,31.4023177823,172.059102707,31.205219573
11.8,3642.23675827,4,0.375344146674,0.521914540428,0.0938360366686,170.986545878,31.1179890793,172.555152732,31.4569142189,172.010958095,31.126947838
11.825,3649.95336157,4,0.374935690688,0.521764176234,0.0937339226721,171.016365207,31.1080419033,172.483086382,31.4678478437,171.904728611,31.0239934157
11.85,3657.66996488,4,0.374797553165,0.521771791108,0.0936993882912,171.124815043,31.1165656287,172.370453683,31.4629843321,171.918097948,30.9858482051
11.875,3665.38656818,4,0.374866170501,0.521832734844,0.0937165426251,171.253844385,31.1331517263,172.226382109,31.4477244958,171.995500848,31.0016517471
11.9,3673.10317148,4,0.375224449131,0.522056897127,0.0938061122827,171.431169817,31.1961302947,172.118886032,31.4204025407,172.150989832,31.0554367068
11.925,3680.81977478,4,0.374992173695,0.521872192356,0.0937480434238,171.545465706,31.2305795706,171.959059096,31.3658493087,172.013545506,31.0175548424
11.95,3688.53637808,4,0.375033486679,0.52185271677,0.0937583716698,171.69306569,31.2597370864,171.88098577,31.3379106895,171.926037056,31.0266494224
11.975,3696.25298138,4,0.374650959584,0.521548001718,0.093662739896,171.771033268,31.2537620464,171.724522888,31.2860838812,171.701744175,30.9889562503
12,3703.96958468,4,0.374932411502,0.521681802019,0.0937331028755,171.925170131,31.2763706803,171.836943696,31.326118264,171.570274904,30.9965755941
12.025,3711.68618799,4,0.374476762657,0.521427390991,0.0936191906641,171.945752986,31.2383812654,171.732735952,31.2455661662,171.401396424,31.0013677899
12.05,3719.40279129,4,0.374600565091,0.521529823917,0.0936501412727,172.024407968,31.2216168266,171.880672851,31.2574256863,171.278603875,31.0371790578
12.075,3727.11939459,4,0.37434070849,0.521333025948,0.0935851771225,172.016961715,31.1856830382,171.990882836,31.2629559508,170.980853825,31.0027113303
12.1,3734.83599789,4,0.374535375054,0.521429993482,0.0936338437636,172.287933795,31.2840823946,172.00782772,31.2467491482,170.791217875,30.9691158242
12.125,3742.55260119,4,0.373955502653,0.521081908474,0.0934888756632,172.133443852,31.2251164007,171.934727606,31.178309091,170.672611448,30.9517610793
12.15,3750.26920449,4,0.374258279763,0.521277378431,0.0935645699407,172.242357432,31.2834637864,171.94029803,31.1398372535,170.754579395,31.0074715658
12.175,3757.98580779,4,0.374278333775,0.521218714818,0.0935695834438,172.307144668,31.3470071084,171.945024365,31.101601619,170.627648366,30.987170212
12.2,3765.7024111,4,0.374376220982,0.521306291644,0.0935940552456,172.316886638,31.3858327191,171.90151438,31.0218291864,170.749860519,31.0525538411
12.225,3773.4190144,4,0.373873857153,0.521098960186,0.0934684642883,172.206670998,31.3725456335,171.825873057,30.9344039593,170.729599701,31.0278547915
12.25,3781.1356177,4,0.374109600635,0.521308585801,0.0935274001588,172.10825242,31.3714675345,171.977927441,30.9623047074,170.886095404,31.0598837346
12.275,3788.852221,4,0.374275565157,0.521383860126,0.0935688912893,172.005912092,31.3651871231,172.046201663,30.9771733074,170.996107548,31.0927273443
12.3,3796.5688243,4,0.374616447735,0.521596044493,0.0936541119337,171.892901285,31.3310633549,172.204225784,31.0430864073,171.16366762,31.1460367915
12.325,3804.2854276,4,0.374383406386,0.521426641307,0.0935958515965,171.774674956,31.2903665713,172.044414173,31.0123157107,171.273200937,31.1593272467
12.35,3812.0020309,4,0.37422388596,0.521300090274,0.0935559714901,171.692626309,31.268632116,171.871162596,30.984812744,171.402683812,31.1687415908
12.375,3819.71863421,4,0.374088349512,0.521183899762,0.0935220873779,171.665345328,31.2530196195,171.624621574,30.9417858905,171.561036043,31.193545283
12.4,3827.43523751,4,0.374200927892,0.521244961302,0.093550231973,171.748875554,31.2657353423,171.457068048,30.9421034248,171.706569304,31.2086163743
12.425,3835.15184081,4,0.374038746981,0.521163444252,0.0935096867452,171.768943267,31.2332815028,171.28750697,30.9583969858,171.775233517,31.1842894046
12.45,3842.86844411,4,0.374075914669,0.521162817436,0.0935189786673,171.946367155,31.2503056618,171.076003803,30.9698578251,171.809263065,31.1650830409
12.475,3850.58504741,4,0.374042187143,0.52110472083,0.0935105467857,171.993177888,31.2464369714,170.819203596,30.9384208039,171.961885634,31.1919689285
12.5,3858.30165071,4,0.373933056136,0.521026080625,0.093483264034,171.960644487,31.2084211508,170.67046895,30.9175124896,172.065140776,31.223649326
12.525,3866.01825401,4,0.373838401036,0.520962431761,0.0934596002589,171.901681834,31.1484887729,170.671352409,30.9510725369,172.060146391,31.2263917208
12.55,3873.73485732,4,0.373991998474,0.520991964504,0.0934979996185,171.858998974,31.092361174,170.630272416,30.9886851691,172.173755172,31.283251136
12.575,3881.45146062,4,0.374006928888,0.520993095472,0.0935017322219,171.858072609,31.0333337592,170.592438435,31.0008127339,172.21387444,31.3338782518
12.6,3889.16806392,4,0.3738371096,0.520964620921,0.0934592774001,171.847353479,30.9652793974,170.613862403,31.014088988,172.174871143,31.346262248
12.625,3896.88466722,4,0.373885827422,0.521071359795,0.0934714568556,171.970547632,30.9579929516,170.677423078,31.0304346189,172.094748391,31.3493651018
12.65,3904.60127052,4,0.374147780834,0.521224632659,0.0935369452085,172.163708869,31.0173514554,170.753549521,31.0392657826,171.9785014,31.3465701388
12.675,3912.31787382,4,0.37445521916,0.521409482565,0.09361380479,172.324033218,31.0766571388,170.868860146,31.0718752023,171.887398564,31.3314047081
12.7,3920.03447712,4,0.374414014667,0.521415994,0.0936035036666,172.323474295,31.0873449265,170.987932584,31.0867620366,171.775279727,31.2955436933
12.725,3927.75108043,4,0.374624046272,0.52155375227,0.0936560115679,172.248907104,31.0950029567,171.237411345,31.145534712,171.737821622,31.2815458027
12.75,3935.46768373,4,0.374370006044,0.521324575195,0.0935925015111,171.958885728,31.0223549744,171.414002439,31.1887280987,171.622309941,31.2475811608
12.775,3943.18428703,4,0.374661764199,0.521497287886,0.0936654410497,171.794165161,31.0057522229,171.623040355,31.2333903791,171.750267566,31.292356867
12.8,3950.90089033,4,0.37442407539,0.521407585882,0.0936060188475,171.654108094,31.0156505904,171.699022826,31.2089208134,171.724569616,31.2475908367
12.825,3958.61749363,4,0.374671966619,0.52157235435,0.0936679916548,171.543694039,31.0607640773,171.812739269,31.2010707582,171.885608796,31.2722115912
12.85,3966.33409693,4,0.374470238019,0.521395619128,0.0936175595047,171.246987222,31.0343294476,171.807788973,31.1648339273,172.010633445,31.2845230197
12.875,3974.05070023,4,0.374658252644,0.521476686744,0.0936645631611,171.007682857,30.9959634915,172.116571762,31.2615512453,172.021994653,31.273108099
12.9,3981.76730354,4,0.374129610865,0.521115350379,0.0935324027162,170.852334015,30.981825084,172.013561134,31.2107410433,171.919289369,31.206085253
12.925,3989.48390684,4,0.374196020192,0.521144923353,0.093549005048,170.881259827,31.043613283,172.12788817,31.2540143882,171.805184655,31.1176022996
12.95,3997.20051014,4,0.373931050022,0.52087625084,0.0934827625055,170.677824207,31.0191390906,172.185784894,31.3057384285,171.681893508,31.0242046361
12.975,4004.91711344,4,0.374055756047,0.520967429284,0.0935139390118,170.765322257,31.0759887568,172.184992257,31.3369369216,171.685580545,30.9672884006
13,4012.63371674,4,0.373661893238,0.520833273752,0.0934154733096,170.648894681,31.0252117725,172.073342746,31.3200954585,171.779037375,30.9365819518
13.025,4020.35032004,4,0.374060215338,0.521124622216,0.0935150538345,170.76431691,31.0518330285,172.008137952,31.3329798285,172.018995063,30.9965144505
13.05,4028.06692334,4,0.374203919294,0.521179892296,0.0935509798234,170.766511859,31.0410670723,171.907446471,31.3374055539,172.171994309,31.038729296
13.075,4035.78352665,4,0.374615633278,0.521475853377,0.0936539083196,170.889947229,31.0690442762,171.789490539,31.3042586663,172.461332892,31.1466802882
13.1,4043.50012995,4,0.374500428476,0.521436409919,0.0936251071189,171.065020619,31.1024364167,171.699432966,31.2748568886,172.336217228,31.1139299105
13.125,4051.21673325,4,0.374880560815,0.521657295938,0.0937201402037,171.393783358,31.2083725465,171.649003279,31.2666076562,172.277663639,31.1111402005
13.15,4058.93333655,4,0.374955412616,0.521687065591,0.0937388531541,171.626672101,31.2769415761,171.583751618,31.2426758322,172.138832583,31.0851891858
13.175,4066.64993985,4,0.375221923722,0.521925399114,0.0938054809305,171.730509385,31.2636010077,171.722899467,31.283788706,172.132646071,31.1239493791
13.2,4074.36654315,4,0.375027308072,0.521864269089,0.0937568270179,171.761053688,31.2155150095,171.727426279,31.2481652393,172.035568562,31.1590745065
13.225,4082.08314645,4,0.375129456346,0.521891984282,0.0937823640866,171.807256298,31.1932478318,171.916336608,31.2778922316,171.827285627,31.1771152425
13.25,4089.79974976,4,0.375028296101,0.521777392399,0.0937570740253,171.934804859,31.2015210545,171.98657298,31.2847836747,171.514466085,31.1366966802
13.275,4097.51635306,4,0.374932814134,0.521670483118,0.0937332035335,172.109611749,31.2498138611,171.970328685,31.2593495224,171.248631228,31.0900016689
13.3,4105.23295636,4,0.374517692634,0.52137192946,0.0936294231584,172.074703716,31.2308714433,171.849871129,31.1718444556,171.105480087,31.0928171843
13.325,4112.94955966,4,0.374305679256,0.521169539421,0.093576419814,172.187411794,31.2779884605,171.672728172,31.047100851,170.967551302,31.1175162222
13.35,4120.66616296,4,0.373984455536,0.520930166086,0.0934961138839,172.191993509,31.318822669,171.594112514,30.9522042886,170.802218428,31.0913874835
13.375,4128.38276626,4,0.373886501743,0.520963635358,0.0934716254359,172.15636282,31.3325585169,171.704109313,30.9218539444,170.760849471,31.0835485502
13.4,4136.09936956,4,0.37385918075,0.521026495238,0.0934647951876,172.021689356,31.3185694857,171.912362236,30.9377450916,170.749905063,31.0748259532
13.425,4143.81597287,4,0.37413087169,0.521178893372,0.0935327179226,171.886268046,31.311978458,172.173962231,31.0201374036,170.776142653,31.0668502743
13.45,4151.53257617,4,0.374353368151,0.521330371669,0.0935883420378,171.768135858,31.2913390348,172.385613208,31.0848297756,170.834271844,31.0783418984
13.475,4159.24917947,4,0.374375749196,0.521417191437,0.093593937299,171.646784134,31.2451797282,172.484905857,31.1176475049,170.94344093,31.0972707355
13.5,4166.96578277,4,0.374646037822,0.521585736671,0.0936615094556,171.585780731,31.2218195836,172.443705675,31.1258328903,171.214269747,31.1799210231
13.525,4174.68238607,4,0.374642520232,0.52152690936,0.0936606300581,171.482343157,31.19521913,172.267793667,31.086342966,171.43524045,31.2451332611
13.55,4182.39898937,4,0.374991569793,0.521770214809,0.0937478924483,171.556205736,31.219046896,172.283234344,31.1319634455,171.58916016,31.2628226206
13.575,4190.11559267,4,0.374860284316,0.521770507857,0.0937150710789,171.553926796,31.1900591731,172.267225249,31.1880410372,171.608070269,31.2029583171
13.6,4197.83219598,4,0.374991885143,0.521860184313,0.0937479712859,171.671625472,31.2035092845,172.149974938,31.2407494492,171.69748171,31.1696529533
13.625,4205.54879928,4,0.374819492898,0.521692596124,0.0937048732244,171.85285658,31.2338629166,171.805758238,31.2133600377,171.693524155,31.1236523014
13.65,4213.26540258,4,0.374887899242,0.521683092074,0.0937219748105,171.915053392,31.2401111263,171.494873395,31.1665052445,171.933071425,31.1813360158
13.675,4220.98200588,4,0.374383623183,0.521339671482,0.0935959057956,171.876481667,31.1893335959,171.23080496,31.1283254318,171.893154731,31.1444046227
13.7,4228.69860918,4,0.37417932471,0.521148420094,0.0935448311774,171.692406757,31.068699727,171.166363796,31.1677582453,171.950996679,31.1746040966
13.725,4236.41521248,4,0.373762962983,0.520768011279,0.0934407407457,171.508088665,30.94673798,170.894405378,31.1278531995,172.027514959,31.232529307
13.75,4244.13181578,4,0.373775905592,0.520746879458,0.0934439763979,171.507869341,30.8860839696,170.861990583,31.1503126245,172.038989245,31.2739549175
13.775,4251.84841909,4,0.373236177905,0.520514378104,0.0933090444763,171.574345883,30.8395012173,170.687439646,31.0818985979,171.914783541,31.2542127275
13.8,4259.56502239,4,0.373429101397,0.520750695866,0.0933572753493,171.850713571,30.8886516434,170.746609234,31.0890779101,171.815055957,31.246044892
13.825,4267.28162569,4,0.373522007942,0.520833498487,0.0933805019856,172.059133189,30.9361216943,170.743119446,31.0739326236,171.69250709,31.2369135499
13.85,4274.99822899,4,0.373981033017,0.521212085471,0.0934952582542,172.439414485,31.0671300412,170.858154065,31.0979958568,171.575093944,31.1964341369
13.875,4282.71483229,4,0.373585861741,0.520995555176,0.0933964654353,172.281807807,31.0186904384,170.944340925,31.1014551474,171.430659964,31.142762904
13.9,4290.43143559,4,0.373803099891,0.521159913855,0.0934507749727,172.279851645,31.0384234014,171.173717952,31.1558635095,171.368039258,31.1228534536
13.925,4298.14803889,4,0.373765778936,0.521126324497,0.0934414447339,172.178589148,31.0446003011,171.336142956,31.1785213026,171.274325872,31.0847018642
13.95,4305.8646422,4,0.374140465165,0.521379843736,0.0935351162912,172.240703094,31.1300087089,171.395748268,31.1448640385,171.407002818,31.1264883275
13.975,4313.5812455,4,0.373766982573,0.521163087174,0.0934417456431,172.096674575,31.1712374639,171.391174129,31.0740198135,171.340569638,31.0628666695
14,4321.2978488,4,0.373911284011,0.521197895214,0.0934778210028,171.864777831,31.2027308472,171.477775256,31.0522908623,171.522145488,31.0891260093
14.025,4329.0144521,4,0.373681832814,0.520972074432,0.0934204582035,171.465302537,31.1530326393,171.589732408,31.045736514,171.585835962,31.088097795
14.05,4336.7310554,4,0.37355971253,0.520829701675,0.0933899281325,171.128995338,31.093891229,171.80584436,31.1070130422,171.565318635,31.055476264
14.075,4344.4476587,4,0.373022265823,0.520462974735,0.0932555664557,170.988049033,31.0920373468,171.70488399,31.0634823606,171.442639088,30.9666912882
14.1,4352.164262,4,0.37280238323,0.520221955319,0.0932005958075,170.84646473,31.1108695397,171.771479215,31.0975387084,171.278457006,30.8589107074
14.125,4359.88086531,4,0.37256328679,0.519995674145,0.0931408216976,170.628335993,31.06329124,171.777343023,31.1407151564,171.266019695,30.8036239261
14.15,4367.59746861,4,0.372537512208,0.520043629795,0.0931343780519,170.593242962,31.0541383934,171.770769267,31.1675178567,171.35694808,30.7795396412
14.175,4375.31407191,4,0.372248010034,0.519967672869,0.0930620025085,170.552366848,31.0178972384,171.634382095,31.1478277673,171.459524077,30.7631988392
14.2,4383.03067521,4,0.372382423459,0.520141166364,0.0930956058649,170.613090993,31.0051359591,171.526274287,31.1340643297,171.681290994,30.8232788598
14.225,4390.74727851,4,0.372444489861,0.520232995713,0.0931111224653,170.685887045,31.0120539498,171.3908689,31.1022855242,171.836639885,30.8636340862
14.25,4398.46388181,4,0.372431413923,0.520277340584,0.0931078534807,170.815717635,31.0371231254,171.18776754,31.0317580147,171.95517067,30.9058281102
14.275,4406.18048511,4,0.372383384132,0.520242364023,0.0930958460329,170.968306468,31.0676478005,171.065523989,30.9821213206,171.890788571,30.912949852
14.3,4413.89708842,4,0.372192849229,0.520054844417,0.0930482123074,171.065121849,31.0811171635,170.958995514,30.9518171573,171.713941467,30.8822190429
14.325,4421.61369172,4,0.372438319108,0.520226657699,0.093109579777,171.199975866,31.08043107,171.002445227,30.9581420749,171.707466277,30.937859933
14.35,4429.33029502,4,0.372443172021,0.520288034958,0.0931107930053,171.206251543,31.0163865678,171.019537748,30.9334414432,171.74558973,31.0278165603
14.375,4437.04689832,4,0.372335287316,0.520187099165,0.0930838218291,171.214987418,30.9555268013,171.108098293,30.9304627466,171.547607333,31.0647224159
14.4,4444.76350162,4,0.372181072425,0.520019152566,0.0930452681062,171.196058944,30.9065929638,171.238409019,30.9444431296,171.26871179,31.0611772794
14.425,4452.48010492,4,0.372361701145,0.520093777635,0.0930904252863,171.422724984,30.953180361,171.402516902,30.980723953,170.952972462,31.0234016642
14.45,4460.19670822,4,0.3720171059,0.519831069499,0.093004276475,171.398584834,30.9368015823,171.436148499,30.9552240103,170.68207278,30.979254767
14.475,4467.91331153,4,0.371954652915,0.519790972123,0.0929886632288,171.480646471,30.9687458051,171.4011065,30.8900509172,170.59602774,30.9968927181
14.5,4475.62991483,4,0.371837695827,0.519664896832,0.0929594239568,171.555779399,31.0212036986,171.425534178,30.8363544688,170.371845235,30.9689338132
14.525,4483.34651813,4,0.371870296431,0.519722824783,0.0929675741077,171.582477985,31.065095994,171.451575242,30.7771413267,170.378293897,30.992393156
14.55,4491.06312143,4,0.371422075828,0.51959501096,0.0928555189571,171.527443133,31.0645214678,171.496151547,30.7246419849,170.262482826,30.9335721123
14.575,4498.77972473,4,0.371409759424,0.519686037163,0.0928524398559,171.428214153,31.0587398389,171.6255012,30.735315242,170.324496731,30.925605786
14.6,4506.49632803,4,0.371290334599,0.519638409242,0.0928225836498,171.28430259,31.0380763171,171.72211379,30.7603142958,170.325476868,30.8914567423
14.625,4514.21293133,4,0.371521587655,0.519848836205,0.0928803969139,171.142151479,30.9853839405,171.961636038,30.8557493535,170.439397748,30.9064446523
14.65,4521.92953464,4,0.371051005512,0.51954369913,0.092762751378,170.961802693,30.9145045913,171.760257335,30.8124218524,170.517584931,30.9031741998
14.675,4529.64613794,4,0.371168637644,0.519563604812,0.092792159411,170.901995667,30.8905629347,171.633058474,30.8183235048,170.725448367,30.9505801835
14.7,4537.36274124,4,0.371049179717,0.519399484474,0.0927622949292,170.804057863,30.8525638595,171.441943902,30.8126649005,170.851618703,30.9644160875
14.725,4545.07934454,4,0.371448613538,0.51960417198,0.0928621533846,171.013097352,30.9238123125,171.394371683,30.8750051953,170.895485531,30.9305429975
14.75,4552.79594784,4,0.370983944379,0.51933807805,0.0927459860948,170.917702468,30.8454238081,171.267555377,30.9176430967,170.852944123,30.8502924299
14.775,4560.51255114,4,0.371095810791,0.51937873162,0.0927739526978,171.110394972,30.8716370079,171.021310645,30.9376432895,170.947916846,30.8320056481
14.8,4568.22915444,4,0.370904953289,0.519225267295,0.0927262383223,171.231091702,30.8810605706,170.705721886,30.9097540663,170.990346726,30.8028251646
14.825,4575.94575775,4,0.371130564758,0.519353425896,0.0927826411894,171.296666838,30.8799688992,170.504810036,30.8923350697,171.254351449,30.8776580436
14.85,4583.66236105,4,0.370728414055,0.519064706741,0.0926821035137,171.24656675,30.8298129014,170.374453877,30.8935449418,171.147165712,30.8262102625
14.875,4591.37896435,4,0.370875251591,0.519054910693,0.0927188128977,171.189807545,30.7815739035,170.309260057,30.9255197817,171.25976678,30.8791313101
14.9,4599.09556765,4,0.370845426231,0.518981026529,0.0927113565578,171.19273851,30.7461899929,170.109958813,30.8782106237,171.382418558,30.9543787012
14.925,4606.81217095,4,0.370885245694,0.519079247826,0.0927213114234,171.228590519,30.7043284481,170.156779482,30.8926791997,171.397664912,30.9917123003
14.95,4614.52877425,4,0.370633691542,0.519097127397,0.0926584228854,171.344260178,30.6869175597,170.122468141,30.8492523879,171.333888084,30.9897513931
14.975,4622.24537755,4,0.370724632014,0.519265721996,0.0926811580036,171.547826546,30.7341196207,170.18308983,30.8314127055,171.237646014,30.9830916214
15,4629.96198086,4,0.370668359146,0.51928652979,0.0926670897864,171.654979602,30.7541129443,170.212898545,30.8196572871,171.121185978,30.9608056167
